Date,,,,,,,Qty,Frac,Item,Unit,Cals,Carb,Fib.
26/06/19,,,,,,,2,,Coffee milk,60,37,5.2,0
,,,,,,,,,Pear,100,43,10.9,1.6
,,,,,,,2,,Easy peelers,53,43,9.1,0
,,,,,,,,,"Banana, small",60,103,23.2,1.1
,,,,,,,,,Nectarine,115,45,9,1.2
,,,,,,,,,Soup,600,37,4.9,1.5
,,,,,,,3,2,Thins,40,225,38.6,3.5
,,,,,,,2,,"Half sugar, teaspoon",4,400,98.9,0
,,,,,,,304,,Chicken lettuce wrap,1,107.7,8,1.7
,,,,,,,231,,Chicken egg foo yong,1,141,4.4,0.6
,,,,,,,200,,Vegetable fried rice,1,219,27.7,2.9
,,,,,,,,,"Protein yoghurt, passion fruit",200,70,6.8,0
,,,,,,,500,,Tonic water,1,2,0,0
,,,,,,,,,"Hoi Sin Sauce, tbsp",16,220,44,2.8
27/06/19,,,,,,,500,,Tonic water,1,2,0,0
,,,,,,,,,"Protein yoghurt, blueberry",200,62,5.3,0
,,,,,,,,,"Banana, small",60,103,23.2,1.1
,,,,,,,40,,All-Bran,1,334,48,27
,,,,,,,150,,"Milk, Activia",1,37,5.2,0
,,,,,,,,,"Half sugar, half teaspoon",2,400,98.9,0
,,,,,,,7,,Carrs Table Water,7.6,412,73.9,4.2
,,,,,,,100,,Smoked Salmon,1,204,1.1,0.2
,,,,,,,100,,Tzatziki,1,129,4.4,0.3
,,,,,,,,3,Onion,240,34.8,7.8,1.5
,,,,,,,,3,Pepper Orange,115,32,7.6,1.4
,,,,,,,100,3,Green Beans,1,32,3.1,3.4
,,,,,,,18,3,Spray oil,0.2,2,0.3,0.1
,,,,,,,,3,"Sweetcorn, tin",165,77,11.8,2.5
,,,,,,,,3,Dolmio Bolognese (N.A.S.),750,38,6.2,1.3
,,,,,,,5,12,"Meatballs,10% fat x 12",350,170,20,0.2
,,,,,,,120,,Spaghetti,1,367.5,73.5,3.2
,,,,,,,500,,Pepsi Max Ginger,1,0.4,0,0
28/06/19,,,,,,,200,,"Apples, braeburn",1,57,11.6,0
,,,,,,,30,,"Beans, green",1,32,3.1,3.4
,,,,,,,15,,Salad leaf,1,24,2.1,1.6
,,,,,,,,,Pepper Orange,115,32,7.6,1.4
,,,,,,,100,,Halloumi cheese,1,328,0.9,0
,,,,,,,,,"Vinaigrette, tbsp",15,368,10,0.7
,,,,,,,5,,New potatoes,30,81,17.5,1.6
,,,,,,,400,,"Schweppes Tonic, slimline",1,2,0,0
,,,,,,,250,,Breakfast juice,1,40,8.5,0.2
,,,,,,,640,3,Chicken breast,1,137,0.2,0
,,,,,,,,3,Onion,240,34.8,7.8,1.5
,,,,,,,,3,Pepper Orange,115,32,7.6,1.4
,,,,,,,100,3,"Beans, green",1,32,3.1,3.4
,,,,,,,,3,Chickpeas,240,122,16.5,6.1
,,,,,,,,3,Coconut cream,250,219,4.5,0.2
,,,,,,,25,,Thai curry paste,1,109,21,0
,,,,,,,0.67,,"Rice, Basmati micro",250,168,30.5,1.4
,,,,,,,,,"Half sugar, 1/3 teaspoon",1.3,400,98.9,0
29/06/19,,,,,,,75,,Bran Flakes,1,363,67.1,4.1
,,,,,,,250,,"Milk, skimmed",1,37,5,0
,,,,,,,250,,Breakfast juice,1,40,8.5,0.2
,,,,,,,100,,Plaice fillet,1,84,0,0
,,,,,,,50,,Leaf salad,1,24,2.1,1.2
,,,,,,,50,,"Sundried tomato, small",1,213,23,6
,,,,,,,2,,Jersey royal potatoes,50,76,16.1,1
,,,,,,,,10,Onion bits,240,34.8,7.8,1.5
,,,,,,,1,,"Dressing, light",15,161.3,16.1,0
,,,,,,,400,,"Tonic, slimline",1,2,0,0
,,,,,,,400,,"Ginger beer, diet",1,1.7,0,0
,,,,,,,156,,Gin & tonic sorbet,1,99,20.9,0.2
,,,,,,,61,,Carrs Table Water,1,412,73.9,4.2
,,,,,,,100,,Smoked Salmon,1,204,1.1,0.2
,,,,,,,100,,Tzatziki,1,129,4.4,0.3
30/06/19,,,,,,,2,,Eggs,50,155,1.1,0
,,,,,,,1,,Thins,40,225,38.6,3.5
,,,,,,,20,,Lurpak,1,516,0.4,0
,,,,,,,50,,Ham,1,133,0.2,0
,,,,,,,20,,Cheddar,1,416,0.2,0
,,,,,,,800,,"Ginger beer, diet",1,1.7,0,0
,,,,,,,20,,"Squash, grapefruit, NAS",1,7,1.4,0
,,,,,,,,,Orange,150,40,7.8,2.4
,,,,,,,,,"Protein yoghurt, blueberry",200,62,5.3,0
,,,,,,,100,,Baguette,1,273,55.2,2.8
,,,,,,,14,,Spray oil,0.2,2,0.3,0.1
,,,,,,,,,Salmon fillet,120,267,0.2,0
,,,,,,,,2,Prawns,165,108,0.2,0
,,,,,,,,,Carrot/brocc/cauli,240,30,2.9,2.9
,,,,,,,,,Drop scone - our version!,100,227,49,0
,,,,,,,80,2,"Flour, SR",1,335,69.9,3.7
,,,,,,,0.33,2,"Baking powder, tsp",4,148,31.7,4
,,,,,,,,2,"Banana, small",60,103,23.2,1.1
,,,,,,,37,2,"Milk, skimmed",1,37,5,0
,,,,,,,,2,Egg white,25,52,0.7,0
01/07/19,,,,,,,2,,Coffee milk,60,37,5.2,0
,,,,,,,3,,Sugar,1,400,99.9,0
,,,,,,,300,,"Ginger beer, diet",1,1.7,0,0
,,,,,,,200,,"Orange Juice, carton",1,32,6.9,0
,,,,,,,160,,Raspberry water,1,37,9.3,0
,,,,,,,2,,"Bacon, slice",8,541,1.4,0
,,,,,,,8,,Butter,1,516,0.4,0
,,,,,,,,,Ciabatta roll,130,294,49.8,3.1
,,,,,,,50,,Grapes,1,66,15.4,0.7
,,,,,,,150,,Vegetable samosa,1,246,26.3,4.4
,,,,,,,,,"Fish pie, Sainsburys",450,117,10.6,0.9
,,,,,,,,,"Vegetables, frozen pouch",135,30,3.3,2.2
02/07/19,,,,,,,,,,,,,
03/07/19,,,,,,,2,,Oatibix,21.5,395,64,7.3
,,,,,,,150,,"Milk, skimmed",1,37,5,0
,,,,,,,,,Banana,60,103,23.2,1.1
,,,,,,,96,,Pepper Orange,1,32,7.6,1.4
,,,,,,,140,,Cucumber,1,15,3.6,0.5
,,,,,,,90,,Carrot,1,41,9.6,2.8
,,,,,,,130,,Celery,1,16,3,1.6
,,,,,,,200,,Houmous,1,278,10.6,5.3
,,,,,,,230,,Tzatziki,1,129,4.4,0.3
,,,,,,,150,,Prawns,1,72,0.1,0
,,,,,,,187,,Sushi,1,178,23.1,0
,,,,,,,0,,"Coconut biscuits, 16",100,213,,
,,,,,,,150,8,Dessicated coconut,1,629,6.4,11.5
,,,,,,,50,8,Sunflower seeds,1,598,18.6,6
,,,,,,,50,8,Hemp protein powder,1,362,10,13
,,,,,,,25,8,"Honey, runny",1,329,81.5,0.2
,,,,,,,,8,"Vanilla paste, tsp",5,340,60,0
,,,,,,,,8,"Coconut oil, tbsp",15,898,0,0
,,,,,,,,8,"Cinnamon, tsp",2.5,247,81,53
,,,,,,,400,,Ginger  beer,1,1.7,0,0
,,,,,,,,,"Coffee, milk",60,37,5.2,0
,,,,,,,,,"Half sugar, half teaspoon",2,400,98.9,0
04/07/19,,,,,,,1200,,Ginger  beer,1,1.7,0,0
,,,,,,,7,,Carrs Table Water,7.6,412,73.9,4.2
,,,,,,,40,,Smoked Salmon,1,204,1.1,0.2
,,,,,,,50,,Cucumber,1,15,3.6,0.5
,,,,,,,70,,Ricotta,1,105,3,0
,,,,,,,0.67,,Banana,60,103,23.2,1.1
,,,,,,,100,,"Apples, braeburn",1,57,11.6,0
,,,,,,,,2,Chunky chicken,400,140,3.4,0.6
,,,,,,,,2,"Rice, Basmati micro",250,168,30.5,1.4
,,,,,,,100,2,Lettuce iceberg,1,14,1.3,1.3
,,,,,,,0.5,,Tomato,200,20,3.1,1
,,,,,,,50,2,Pepper Orange,1,32,7.6,1.4
,,,,,,,50,2,Celery,1,16,3,1.6
,,,,,,,50,2,Cucumber,1,15,3.6,0.5
,,,,,,,,2,"Olive oil, tsp",5,823,0,0
,,,,,,,,2,"Vinegar, tsp",5,14,1.8,0.2
,,,,,,,,,"Protein yoghurt, passion fruit",200,70,6.8,0
05/07/19,,,,,,,100,,Ginger  beer,1,1.7,0,0
,,,,,,,,2,Chunky chicken,400,140,3.4,0.6
,,,,,,,,2,"Rice, Basmati micro",250,168,30.5,1.4
,,,,,,,100,2,Lettuce iceberg,1,14,1.3,1.3
,,,,,,,50,2,Pepper Orange,1,32,7.6,1.4
,,,,,,,50,2,Celery,1,16,3,1.6
,,,,,,,50,2,Cucumber,1,15,3.6,0.5
,,,,,,,,2,"Olive oil, tsp",5,823,0,0
,,,,,,,,2,"Vinegar, tsp",5,14,1.8,0.2
,,,,,,,,,Salmon fillets,120,267,0.2,0
,,,,,,,,,Cod fillets,125,98,0.2,0.2
,,,,,,,86.67,,Broccoli,1,34,7,2.6
,,,,,,,215,2,"Peas, frozen",1,85,10.8,5.6
,,,,,,,140,,"Mashed potato, frozen",1,103,15,1
,,,,,,,9,,Lurpak,1,516,0.4,0
,,,,,,,155,,Conference pear,1,47,10,2.2
,,,,,,,,,"Protein yoghurt, passion fruit",200,70,6.8,0
06/07/19,,,,,,,2,,Oatibix,21.5,395,64,7.3
,,,,,,,150,,"Milk, skimmed",1,37,5,0
,,,,,,,,,"Salted caramel latte Costa, per drink",100,352,49,0
,,,,,,,25,,Smoked salmon,1,204,1.1,0.2
,,,,,,,25,,Ricotta,1,105,3,0
,,,,,,,1.5,,Thins,40,225,38.6,3.5
,,,,,,,1,,"Soup, butternut squash",600,37,4.9,1.1
,,,,,,,800,,Ginger pepsi max,1,0.4,0,0
,,,,,,,10,,Spray oil,0.2,2,0.3,0.1
,,,,,,,0.5,2,Onion,240,34.8,7.8,1.5
,,,,,,,0.5,2,Pepper Orange,100,32,7.6,1.4
,,,,,,,,2,Tomato,200,20,3.1,1
,,,,,,,120,2,Lettuce iceberg,1,14,1.3,1.3
,,,,,,,53,2,Carrot,1,41,9.6,2.8
,,,,,,,47,2,Celery,1,16,3,1.6
,,,,,,,56,2,Cucumber,1,15,3.6,0.5
,,,,,,,85,2,"Cabbage, white",1,32,5,2.1
,,,,,,,2,,Chicken kababs,60,230,7.4,0.5
,,,,,,,2,,Lamb kebabs,66.3,162,26,0
,,,,,,,2,,Croquettes,30.1,183,25.8,2.4
,,,,,,,0.2,2,"Olive oil, tsp",5,823,0,0
07/07/19,,,,,,,2,,Oatibix,21.5,395,64,7.3
,,,,,,,125,,"Milk, skimmed",1,37,5,0
,,,,,,,,2,"Toad In The Hole, (RYP)",350,295,23,4.4
,,,,,,,140,,"Mashed potato, frozen",1,103,15,1
,,,,,,,0.45,,Baked beans,415,78,12.5,3.6
,,,,,,,120,2,Lettuce iceberg,1,14,1.3,1.3
,,,,,,,53,2,Carrot,1,41,9.6,2.8
,,,,,,,47,2,Celery,1,16,3,1.6
,,,,,,,56,2,Cucumber,1,15,3.6,0.5
,,,,,,,85,2,"Cabbage, white",1,32,5,2.1
,,,,,,,18,2,Lurpak,1,516,0.4,0
,,,,,,,0.3,,"Olive oil, tsp",5,823,0,0
,,,,,,,90,,"Banana, small",1,103,23.2,1.1
,,,,,,,120,,Steak,1,192,0.2,0.2
,,,,,,,320,,Jacket potato,1,93,21,1.8
,,,,,,,96,,Pepper Orange,1,32,7.6,1.4
,,,,,,,90,,Cucumber,1,15,3.6,0.5
,,,,,,,40,,Tomato,1,20,3.1,1
,,,,,,,75,,Lettuce iceberg,1,14,1.3,1.3
,,,,,,,40,,"Cabbage, white",1,32,5,2.1
,,,,,,,0.5,,Onion,240,34.8,7.8,1.5
,,,,,,,25,,Lurpak,1,516,0.4,0
,,,,,,,25,,Spray oil,0.2,2,0.3,0.1
,,,,,,,,,"Celery, stick",50,16,3,1.6
,,,,,,,40,,Carrot,1,41,9.6,2.8
08/07/19,,,,,,,2,,Oatibix,21.5,395,64,7.3
,,,,,,,150,,"Milk, skimmed",1,37,5,0
,,,,,,,38,,"Banana, small",1,103,23.2,1.1
,,,,,,,120,,Steak,1,192,0.2,0.2
,,,,,,,,,Cheese+tomato pasta bake BGTY,400,101,15.1,1.3
,,,,,,,,,Spray oil,0.2,2,0.3,0.1
,,,,,,,25,,"Tea, milk",1,37,5,0
,,,,,,,5,,"Sugar, tsp",1,400,99.9,0
09/07/19,,,,,,,0,,"Coconut biscuits, 16",1,213,,
,,,,,,,,,Banana,60,103,23.2,1.1
,,,,,,,600,,"Soup, glorious",1,37,4.9,1.5
,,,,,,,1.5,,Thins,40,225,38.6,3.5
,,,,,,,,,"Coffee, milk",60,37,5.2,0
,,,,,,,,,"Half-sugar, half tsp",2,400,98.9,0
,,,,,,,600,,Ginger  beer,1,1.7,0,0
,,,,,,,10,2,Spray oil,0.2,2,0.3,0.1
,,,,,,,,,Salmon fillets,120,267,0.2,0
,,,,,,,146,,"Rice, Basmati micro",1,168,30.5,1.4
,,,,,,,,,Prawns,165,108,0.2,0
,,,,,,,,,Micro veg,240,30,2.9,2.9
,,,,,,,150,8,Dessicated coconut,1,629,6.4,11.5
,,,,,,,50,8,Sunflower seeds,1,598,18.6,6
,,,,,,,50,8,Hemp protein powder,1,362,10,13
,,,,,,,25,8,"Honey, runny",1,329,81.5,0.2
,,,,,,,,8,"Vanilla paste, tsp",5,340,60,0
,,,,,,,,8,"Coconut oil, tbsp",15,898,0,0
,,,,,,,,8,"Cinnamon, tsp",2.5,247,81,53
,,,,,,,85,,Pear,1,43,10.9,1.6
,,,,,,,,,"Protein yoghurt, blueberry",200,62,5.3,0
10/07/19,,,,,,,,,"Coffee, milk",60,37,5.2,0
,,,,,,,,,"Half sugar, half teaspoon",2,400,98.9,0
,,,,,,,,,Poached egg,50,143,0.7,0
,,,,,,,,,"Sausage, cumberland",30,250,7.8,1.5
,,,,,,,2,,"Back bacon, rasher",26,229.2,0,0
,,,,,,,0.5,,Black pudding slice,25,376,1.3,0
,,,,,,,,,"Mushroom, flat, large",30,112.2,12.2,0.9
,,,,,,,0.25,,"Baked beans, tin",415,78,12.5,3.6
,,,,,,,25,,"Tea, milk",1,37,5,0
,,,,,,,3,,Sugar,1,400,99.9,0
,,,,,,,330,,Rubicon watermelon/lime/mint,1,19,4.5,0.1
,,,,,,,8,,Carrs Table Water,7.6,412,73.9,4.2
,,,,,,,100,,Smoked salmon,1,204,1.1,0.2
,,,,,,,40,,Ricotta,1,105,3,0
,,,,,,,300,,"Ginger beer, diet",1,1.7,0,0
,,,,,,,300,,Tonic water,1,2,0,0
,,,,,,,,2,Toad in hole,350,295,23,4.4
,,,,,,,120,2,"Carrots, roasted",1,41,9.6,2.8
,,,,,,,40,2,"Pepper, roasted",1,32,7.6,1.4
,,,,,,,20,2,Spray oil,0.2,2,0.3,0.1
,,,,,,,55,,Broccoli,1,34,7,2.6
11/07/19,,,,,,,2,,Oatibix,21.5,395,64,7.3
,,,,,,,150,,"Milk, skimmed",1,37,5,0
,,,,,,,,,Banana,85,103,23.2,1.1
,,,,,,,,,Mushroom soup,600,30,2.6,0.6
,,,,,,,1.5,,Thins,40,225,38.6,3.5
,,,,,,,2,,Dates,19,279,64.5,6.7
,,,,,,,,,Orange,150,40,7.8,2.4
,,,,,,,,,"Coffee, milk",60,37,5.2,0
,,,,,,,,,"Half sugar, half teaspoon",2,400,98.9,0
,,,,,,,300,,"Orange juice, carton",1,42,8.6,0
,,,,,,,,4,Mince,500,168,0.1,0
,,,,,,,,4,Pepper,1,32,7.6,1.4
,,,,,,,,4,Onion,240,34.8,7.8,1.5
,,,,,,,,4,"Chopped tomatoes, carton",400,20,3,0.9
,,,,,,,,4,Red kidney beans,240,105,12.8,7.8
,,,,,,,,4,"Garlic, very lazy, tsp",5,76,11.3,4.9
,,,,,,,,4,Spray oil,0.2,2,0.3,0.1
,,,,,,,2,,Lo-dough pieces,28,139,7.9,33.2
,,,,,,,40,,Nutella,1,539,57.5,0
12/07/19,,,,,,,2,,Oatibix,21.5,395,64,7.3
,,,,,,,150,,"Milk, skimmed",1,37,5,0
,,,,,,,,,"Salad, waitrose",280,116,5.2,13
,,,,,,,,,"Sushi, waitrose",100,145,27,0
,,,,,,,400,,Ginger Pepsi Max,1,0.4,0,0
,,,,,,,,,"Coffee, milk",60,37,5.2,0
,,,,,,,2,,"Hazelnut syrup, pump",2,285,70.3,0
,,,,,,,,,Tossed wrap,100,210,61,6.3
,,,,,,,,,Carrot/apple/ginger smoothie,100,120,26,1.6
,,,,,,,,,Pear,100,43,10.9,1.6
13/07/19,,,,,,,30,,Pepper Orange,1,32,7.6,1.4
,,,,,,,64,,Celery,1,16,3,1.6
,,,,,,,75,,Cucumber,1,15,3.6,0.5
,,,,,,,110,,Carrot,1,41,9.6,2.8
,,,,,,,150,,"Orange juice, carton",1,32,6.9,0
,,,,,,,85,,Houmous,1,278,10.6,5.3
,,,,,,,115,,Tzatziki,1,129,4.4,0.3
,,,,,,,150,8,Dessicated coconut,1,629,6.4,11.5
,,,,,,,50,8,Sunflower seeds,1,598,18.6,6
,,,,,,,50,8,Hemp protein powder,1,362,10,13
,,,,,,,25,8,"Honey, runny",1,329,81.5,0.2
,,,,,,,,8,"Vanilla paste, tsp",5,340,60,0
,,,,,,,,8,"Coconut oil, tbsp",15,898,0,0
,,,,,,,,8,"Cinnamon, tsp",2.5,247,81,53
,,,,,,,2,,Dates,19,279,64.5,6.7
,,,,,,,,,Tassimo costa cappuccino,215,21,1.2,0
,,,,,,,5,3,Coconut oil,1,135,0.1,0
,,,,,,,,3,"Pepper, red",115,32,7.6,1.4
,,,,,,,,3,Onion,240,34.8,7.8,1.5
,,,,,,,,3,Chicken,640,137,0.2,0
,,,,,,,25,3,Thai curry paste,1,109,21,0
,,,,,,,0.67,3,"Rice, Basmati micro",250,168,30.5,1.4
,,,,,,,2,,Lo-dough pieces,28,139,7.9,33.2
,,,,,,,,3,Chickpeas,240,122,16.5,6.1
,,,,,,,,3,Coconut cream,250,219,4.5,0.2
,,,,,,,21,,Nutella,1,539,57.5,0
14/07/19,,,,,,,2,,Boiled eggs,50,155,1.1,0
,,,,,,,1,,Thins,40,225,38.6,3.5
,,,,,,,10,,Lurpak,1,516,0.4,0
,,,,,,,,,Tassimo costa cappuccino,215,21,1.2,0
,,,,,,,0.5,,"Half sugar, half teaspoon",2,400,98.9,0
,,,,,,,2,,Dates,19,279,64.5,6.7
,,,,,,,1.33,,Gammon steaks,210,146,1.3,0.1
,,,,,,,175,,New potatoes,1,76,16,1.6
,,,,,,,,,Asparagus/Broccoli medley,160,94,2.6,3
,,,,,,,250,2,"Parsley sauce, inc milk",1,72,9.1,0.1
,,,,,,,,,Pear,100,43,10.9,1.6
,,,,,,,,,Orange,150,40,7.8,2.4
,,,,,,,100,,"Orange juice, carton",1,32,6.9,0
,,,,,,,500,,"Tonic water, diet",1,2,0,0
15/07/19,,,,,,,,,Banana,85,103,23.2,1.1
,,,,,,,,,"Protein yoghurt, passion fruit",200,70,6.8,0
,,,,,,,2.5,,Thins,40,225,38.6,3.5
,,,,,,,124,,Cottage cheese,1,75,6.4,0.1
,,,,,,,100,,Smoked salmon,1,204,1.1,0.2
,,,,,,,3,,Dates,19,279,64.5,6.7
,,,,,,,,,Paprika crisps,27,143,13.8,0.8
,,,,,,,750,,"Ginger beer, diet",1,1.7,0,0
,,,,,,,,,"Big Tasty, whole thing (blame Paul!)",100,799,50,4.3
,,,,,,,,,"Mcdonalds Medium fries, whole thing",100,337,42,3.6
,,,,,,,,,Coffee milk,60,37,5.2,0
,,,,,,,2,,Sugar,3,400,99.9,0
16/07/19,,,,,,,2,,Oatibix,21.5,395,64,7.3
,,,,,,,150,,"Milk, skimmed",1,37,5,0
,,,,,,,,,"Banana, small",85,103,23.2,1.1
,,,,,,,,,"Coffee, milk",60,37,5.2,0
,,,,,,,,,"Half sugar, 1/3 teaspoon",1.3,400,98.9,0
,,,,,,,,,"Fish pie, Sainsburys",450,117,10.6,0.9
,,,,,,,3,,"Celery, stick",50,16,3,1.6
,,,,,,,75,,Tzatziki,1,129,4.4,0.3
,,,,,,,,,"Banana, small",85,103,23.2,1.1
,,,,,,,,,"Soup, glorious",600,37,4.9,1.5
,,,,,,,1.5,,Thins,40,225,38.6,3.5
,,,,,,,50,,Greek cheese,1,261,0,0
,,,,,,,150,16,Dessicated coconut,1,629,6.4,11.5
,,,,,,,50,16,Sunflower seeds,1,598,18.6,6
,,,,,,,50,16,Hemp protein powder,1,362,10,13
,,,,,,,25,16,"Honey, runny",1,329,81.5,0.2
,,,,,,,,16,"Vanilla paste, tsp",5,340,60,0
,,,,,,,,16,"Coconut oil, tbsp",15,898,0,0
,,,,,,,,16,"Cinnamon, tsp",2.5,247,81,53
17/07/19,,,,,,,3,16,Dessicated coconut,150,629,6.4,11.5
,,,,,,,3,16,Sunflower seeds,50,598,18.6,6
,,,,,,,3,16,Hemp protein powder,50,362,10,13
,,,,,,,3,16,"Honey, runny",25,329,81.5,0.2
,,,,,,,3,16,"Vanilla paste, tsp",5,340,60,0
,,,,,,,3,16,"Coconut oil, tbsp",15,898,0,0
,,,,,,,3,16,"Cinnamon, tsp",2.5,247,81,53
,,,,,,,,,"Protein yoghurt, blueberry",200,62,5.3,0
,,,,,,,,,"Banana, small",85,103,23.2,1.1
,,,,,,,3,,Oatibix,21.5,395,64,7.3
,,,,,,,260,,"Milk, skimmed",1,37,5,0
,,,,,,,,4,Pepper Orange,115,32,7.6,1.4
,,,,,,,,4,Onion,240,34.8,7.8,1.5
,,,,,,,2,4,"Garlic, clove",3,133,33.1,2.1
,,,,,,,21,4,Spray oil,0.2,2,0.3,0.1
,,,,,,,,4,Dolmio Bolognese (N.A.S.),750,38,6.2,1.3
,,,,,,,,4,Beef mince,500,168,0.1,0
,,,,,,,150,,Spaghetti,1,367.5,73.5,3.2
18/07/19,,,,,,,2,,Oatibix,21.5,395,64,7.3
,,,,,,,200,,"Milk, skimmed",1,37,5,0
,,,,,,,1000,,"Tonic water, diet",1,2,0,0
,,,,,,,300,1.5,Grapefruit squash,1,7,1.4,0
,,,,,,,,4,Pepper Orange,115,32,7.6,1.4
,,,,,,,,4,Onion,240,34.8,7.8,1.5
,,,,,,,2,4,"Garlic, clove",3,133,33.1,2.1
,,,,,,,21,4,Spray oil,0.2,2,0.3,0.1
,,,,,,,,4,Dolmio Bolognese (N.A.S.),750,38,6.2,1.3
,,,,,,,,4,Beef mince,500,168,0.1,0
,,,,,,,2,,Lo-dough pieces,28,139,7.9,33.2
,,,,,,,,,"Banana, small",85,103,23.2,1.1
,,,,,,,,2,"Pepper, red",115,32,7.6,1.4
,,,,,,,,2,Onion,240,34.8,7.8,1.5
,,,,,,,2,2,"Garlic, clove",3,133,33.1,2.1
,,,,,,,,2,Chorizo,75,338,1.1,0
,,,,,,,,2,Cod loin,125,98,0.2,0.2
,,,,,,,,2,Prawns,165,108,0.2,0
,,,,,,,47,2,Green beans,1,32,3.1,3.4
,,,,,,,,2,"Chopped tomatoes, carton",400,20,3,0.9
,,,,,,,,2,"Rice, Basmati micro",250,168,30.5,1.4
,,,,,,,,,"Protein yoghurt, blueberry",200,62,5.3,0
19/07/19,,,,,,,2,,Poached egg,50,143,0.7,0
,,,,,,,2,,Thins,40,225,38.6,3.5
,,,,,,,,,"Soup, butternut squash",600,37,4.9,1.1
,,,,,,,2,,"Oranges, easy peelers",60,43,9.1,0
,,,,,,,2,,Coffee milk,60,37,5.2,0
,,,,,,,2,,"Half sugar, half teaspoon",2,400,98.9,0
,,,,,,,300,,"Ginger beer, diet",1,1.7,0,0
,,,,,,,,3,Chicken crown,525,160,0.1,0
,,,,,,,2,,"Yorkshires, ""giant""",45,278,42.2,2.6
,,,,,,,,,"Veg, micro",240,37,4.4,2.8
,,,,,,,,2,Gravy granules,12,400,61.6,2.1
,,,,,,,115,,"Sorbet, gin and tonic",1,99,20.9,0
20/07/19,,,,,,,120,,Steak,1,192,0.2,0.2
,,,,,,,50,,Chips,1,208,31,2.9
,,,,,,,,2,Pepper,115,32,7.6,1.4
,,,,,,,,4,Onion,240,34.8,7.8,1.5
,,,,,,,30,2,Spray oil,0.2,2,0.3,0.1
,,,,,,,2,,Coffee milk,60,37,5.2,0
,,,,,,,1.5,,"Half sugar, half teaspoon",2,400,98.9,0
,,,,,,,,,Tossed wrap,100,210,61,6.3
,,,,,,,,,Carrot/apple/ginger smoothie,100,120,26,1.6
,,,,,,,,,"Skinny caramel latte, Costas",387,67,12.5,2.8
,,,,,,,100,,Cottage cheese,1,75,6.4,0.1
,,,,,,,100,,Coleslaw,1,181,5.4,1.5
,,,,,,,90,,Tomato,1,20,3.1,1
,,,,,,,300,,"Ginger beer, diet",1,1.7,0,0
,,,,,,,,,"Protein yoghurt, passionfruit",200,70,6.8,0
,,,,,,,90,,Pear,1,40,10,1.6
21/07/19,,,,,,,2,,Deli wraps,61.2,304,50.2,6.2
,,,,,,,45,,Goats cheese,1,291,1,0
,,,,,,,,,Sweet'n'crispy salad (mostly no mayo),220,102,4.4,0
,,,,,,,75,,Strawberries,1,33,6.1,0
,,,,,,,160,,New potatoes,1,81,17.5,1.6
,,,,,,,,2,Cod loin,250,98,0.2,0.2
,,,,,,,,2,Prawns,165,108,0.2,0
,,,,,,,600,,"Ginger beer, diet",1,1.7,0,0
,,,,,,,,,"Veg, micro",240,37,4.4,2.8
,,,,,,,150,,"Ice cream, salted caramel",1,128,20,0
22/07/19,,,,,,,,,Vegetable Singapore Noodles,350,102,10.4,1.6
,,,,,,,0,,Sweet pancakes,0,0,0,0
,,,,,,,300,,"Tonic water, diet",1,2,0,0
,,,,,,,150,4,Self raising flour,1,335,69.9,3.7
,,,,,,,,4,"Baking powder, tsp",4,148,31.7,4
,,,,,,,,4,"Vanilla bean paste, tsp",5,340,60,0
,,,,,,,,4,"Bicarbonate of soda, tsp",5,0,0,0
,,,,,,,40,4,Dark chocolate chips,1,604,46.3,11
,,,,,,,,4,Egg white,33,52,0.7,0
,,,,,,,100,4,"Milk, skimmed",1,37,5,0
,,,,,,,,4,"Banana, small",85,103,23.2,1.1
,,,,,,,2,,Oatibix,21.5,395,64,7.3
,,,,,,,200,,"Milk, skimmed",1,37,5,0
,,,,,,,300,,"Ginger beer, diet",1,1.7,0,0
23/07/19,,,,,,,3,,Oatibix,21.5,395,64,7.3
,,,,,,,250,,"Milk, skimmed",1,37,5,0
,,,,,,,100,,Celery,1,16,3,1.6
,,,,,,,100,,Cucumber,1,15,3.6,0.5
,,,,,,,100,,Pepper,1,32,7.6,1.4
,,,,,,,100,,Carrot ,1,41,9.6,2.8
,,,,,,,100,,Tzatziki,1,129,4.4,0.3
,,,,,,,100,,Houmous,1,278,10.6,5.3
,,,,,,,,3,"Pepper, red",115,32,7.6,1.4
,,,,,,,,3,Onion,240,34.8,7.8,1.5
,,,,,,,100,3,Bacon medallions,1,541,1.4,0
,,,,,,,,3,"Chopped tomatoes, carton",400,20,3,0.9
,,,,,,,,3,Beef mince,500,168,0.1,0
,,,,,,,,3,"Garlic, clove",3,133,33.1,2.1
,,,,,,,40,3,Spray oil,0.2,2,0.3,0.1
,,,,,,,270,3,"Pasta, fusili, dry",1,355.6,72.2,3.1
,,,,,,,25,,Cheese,1,416,0.1,0.1
24/07/19,,,,,,,70,,Shredded Wheat,1,367,69,13
,,,,,,,250,,"Milk, skimmed",1,37,5,0
,,,,,,,,,Toasted teacake,40,262,48,3.2
,,,,,,,10,,Butter,1,717,0.1,0
,,,,,,,2,,"Coffee, milk",60,37,5.2,0
,,,,,,,,,Pasty,150,277,22.7,0
,,,,,,,200,,Baked beans,1,78,12.5,3.6
,,,,,,,80,,Tomato,1,20,3.1,1
,,,,,,,90,,Coleslaw,1,181,5.4,1.5
,,,,,,,900,,"Ginger beer, diet",1,1.7,0,0
,,,,,,,119,3,Carrot,1,41,9.6,2.8
,,,,,,,,3,Onion,240,34.8,7.8,1.5
,,,,,,,,3,"Pepper, yellow",115,32,7.6,1.4
,,,,,,,100,3,Green beans,1,32,3.1,3.4
,,,,,,,640,3,Chicken fillet,1,137,0.2,0
,,,,,,,,3,Coconut cream,250,219,4.5,0.2
,,,,,,,,3,"Garlic, very lazy, tsp",5,76,11.3,4.9
,,,,,,,70,3,Thai curry paste,1,109,21,0
,,,,,,,,3,Chickpeas,240,122,16.5,6.1
,,,,,,,,,Lo-Dough pieces,28,139,7.9,33.2
25/07/19,,,,,,,2,,Oatibix,21.5,395,64,7.3
,,,,,,,150,,"Milk, skimmed",1,37,5,0
,,,,,,,,,"Banana, small",85,103,23.2,1.1
,,,,,,,,,Carrot,1,41,9.6,2.8
,,,,,,,100,,Cucumber,1,15,3.6,0.5
,,,,,,,90,,Celery,1,16,3,1.6
,,,,,,,,,Tzatziki,1,129,4.4,0.3
,,,,,,,60,,Houmous,1,278,10.6,5.3
,,,,,,,2,,"Orange juice, carton",100,32,6.9,0
,,,,,,,250,,Salt+pepper king prawns,1,216.3,15.3,0
,,,,,,,250,,Special Foo Yong,1,134.9,2.8,0.5
,,,,,,,50,,Singapore rice vermicelli,1,114,26.4,2.1
,,,,,,,600,,"Tonic water, diet",1,2,0,0
26/07/19,,,,,,,2,,Oatibix,21.5,395,64,7.3
,,,,,,,150,,"Milk, skimmed",1,37,5,0
,,,,,,,,,"Coffee, milk",60,37,5.2,0
,,,,,,,,,"Half sugar, half teaspoon",2,400,98.9,0
,,,,,,,,,"Bread, slice",25,266,50.6,2.4
,,,,,,,5,,Butter,1,717,0.1,0
,,,,,,,,,Fortune cookie,8,378,84,1.6
,,,,,,,,,"Bacon, slice",8,541,1.4,0
,,,,,,,64,5.3,Celery,1,16,3,1.6
,,,,,,,120,5.3,Onion,1,34.8,7.8,1.5
,,,,,,,50,5.3,Pepper,1,32,7.6,1.4
,,,,,,,,5.3,"Stock pot, chicken",28,160,26,0.7
,,,,,,,50,5.3,Green Beans,1,32,3.1,3.4
,,,,,,,,5.3,"Sweetcorn, tin",165,77,11.8,2.5
,,,,,,,,5.3,"Garlic, clove",3,133,33.1,2.1
,,,,,,,112,5.3,Carrot ,1,41,9.6,2.8
,,,,,,,189,5.3,Broccoli,1,34,7,2.6
,,,,,,,2,,Chicken kababs,60,230,7.4,0.5
,,,,,,,2,,Lamb kebabs,66.3,162,26,0
,,,,,,,30,5.3,Spray oil,0.2,2,0.3,0.1
,,,,,,,330,5.3,Egg fried rice,1,163,31,1.1
,,,,,,,,5.3,"Rice, Basmati micro",250,168,30.5,1.4
,,,,,,,,5.3,"Chopped tomatoes, carton",400,20,3,0.9
,,,,,,,,,Pear,100,43,10.9,1.6
,,,,,,,,,"Protein yoghurt, passionfruit",200,70,6.8,0
27/07/19,,,,,,,,,"Protein yoghurt, passionfruit",200,70,6.8,0
,,,,,,,,,"Apples, braeburn",100,57,11.6,0
,,,,,,,64,2.5,Celery,1,16,3,1.6
,,,,,,,120,2.5,Onion,1,34.8,7.8,1.5
,,,,,,,50,2.5,Pepper,1,32,7.6,1.4
,,,,,,,,2.5,"Stock pot, chicken",28,160,26,0.7
,,,,,,,50,2.5,Green Beans,1,32,3.1,3.4
,,,,,,,,2.5,"Sweetcorn, tin",165,77,11.8,2.5
,,,,,,,,2.5,"Garlic, clove",3,133,33.1,2.1
,,,,,,,112,2.5,Carrot ,1,41,9.6,2.8
,,,,,,,189,2.5,Broccoli,1,34,7,2.6
,,,,,,,30,2.5,Spray oil,0.2,2,0.3,0.1
,,,,,,,330,2.5,Egg fried rice,1,163,31,1.1
,,,,,,,,2.5,"Rice, Basmati micro",250,168,30.5,1.4
,,,,,,,,2.5,"Chopped tomatoes, carton",400,20,3,0.9
,,,,,,,,2.3,Chicken thighs,500,195,0.7,0.1
,,,,,,,,,Pear,100,43,10.9,1.6
,,,,,,,,,Spray oil,0.2,2,0.3,0.1
,,,,,,,4,,"Bacon, slice",8,541,1.4,0
,,,,,,,3,,Eggs,50,155,1.1,0
,,,,,,,75,,"Mushroom, large",1,16,0.1,1.1
,,,,,,,44,,Cheddar,1,416,0.2,0
,,,,,,,111,,"Tomato, beef",1,20,3.1,1
28/07/19,,,,,,,,,"Banana, small",85,103,23.2,1.1
,,,,,,,,,Rainbow salad (?),100,64,9.4,2.6
,,,,,,,,,Mini-pudding,80,321.3,25.5,0.4
,,,,,,,2,,Slimline tonic,75,2,0,0
,,,,,,,,,"Coffee, milk",60,37,5.2,0
,,,,,,,,,"Soup, carrot and butternut",600,34,3.3,1.1
,,,,,,,1.5,,Thins,40,225,38.6,3.5
,,,,,,,50,,"Cheese, greek salad",1,261,0,0
,,,,,,,,,Costas Americano,382,2,0.3,0
,,,,,,,2,,"Costas hazelnut syrup, pump",5,285,70.3,0
,,,,,,,4,,Dates,19,279,64.5,6.7
29/07/19,,,,,,,,,"Coffee, milk",60,37,5.2,0
,,,,,,,,,"Half sugar, half teaspoon",2,400,98.9,0
,,,,,,,,,Baked beans,415,78,12.5,3.6
,,,,,,,75,,Flat mushroom,1,16,0.1,1.1
,,,,,,,2,,Shroomdog sausage,50,109,14.3,4.9
,,,,,,,200,,"Tomato, beef",1,20,3.1,1
,,,,,,,2,,Poached eggs,50,143,0.7,0
,,,,,,,1.5,,Thins,40,225,38.6,3.5
,,,,,,,2,,"Bread, slice",25,266,50.6,2.4
,,,,,,,50,,Ham,1,133,0.2,0
,,,,,,,10,,Lurpak,1,516,0.4,0
,,,,,,,40,,"Tomato, beef",1,20,3.1,1
,,,,,,,,,"Crisps, cheese/onion",25,530,54,4.3
,,,,,,,,,"Banana, small",85,103,23.2,1.1
,,,,,,,,,"Pear, conference",100,43,10.9,1.6
,,,,,,,,,Gin & Tonic,100,143,12.1,0
,,,,,,,300,,"Ginger beer, diet",1,1.7,0,0
30/07/19,,,,,,,2,,Oatibix,21.5,395,64,7.3
,,,,,,,150,,"Milk, skimmed",1,37,5,0
,,,,,,,,,"Banana, small",85,103,23.2,1.1
,,,,,,,,,"Coffee, milk",60,37,5.2,0
,,,,,,,,,"Half sugar, half teaspoon",2,400,98.9,0
,,,,,,,,4,"Pepper, red",115,32,7.6,1.4
,,,,,,,,4,Onion,240,34.8,7.8,1.5
,,,,,,,0,4,Bacon medallions,1,541,1.4,0
,,,,,,,,4,"Chopped tomatoes, carton",400,20,3,0.9
,,,,,,,,4,Beef mince,500,168,0.1,0
,,,,,,,,4,"Garlic, clove",3,133,33.1,2.1
,,,,,,,40,4,Spray oil,0.2,2,0.3,0.1
,,,,,,,,,"Rice, Basmati micro",250,168,30.5,1.4
,,,,,,,5,,Dates,19,279,64.5,6.7
,,,,,,,600,,"Ginger beer, diet",1,1.7,0,0
31/07/19,,,,,,,,,Porridge,27,370,59,9
,,,,,,,2,,Dates,19,279,64.5,6.7
,,,,,,,150,,Carrot ,1,41,9.6,2.8
,,,,,,,100,,Celery,1,16,3,1.6
,,,,,,,100,,Cucumber,1,15,3.6,0.5
,,,,,,,,,Tzatziki,1,129,4.4,0.3
,,,,,,,10,,Houmous w caramelized onion,1,297,13.3,4.7
,,,,,,,,,Love your veg meal,350,102,10.4,1.6
,,,,,,,,,"Chicken strippers, Dominos",100,267,14,0
,,,,,,,,6,"Barbecue pizza, large",1472,248,27.7,1.4
,,,,,,,1000,,"Tonic water, diet",1,2,0,0
,,,,,,,,,"Coffee, milk",60,37,5.2,0
,,,,,,,,,"Half sugar, half teaspoon",2,400,98.9,0
,,,,,,,10,,Olives,3.5,160,0.6,3.6
01/08/19,,,,,,,2,,Porridge,27,370,59,9
,,,,,,,10,,Carrs Table Water,7.6,412,73.9,4.2
,,,,,,,100,,Smoked salmon slices,1,204,1.1,0
,,,,,,,75,,Ricotta,1,105,3,0
,,,,,,,300,,Pink grapefruit squash,1,7,1.4,0
,,,,,,,100,,"Tonic water, diet",1,2,0,0
,,,,,,,300,,"Ginger beer, diet",1,1.7,0,0
,,,,,,,120,,Steak,1,192,0.2,0.2
,,,,,,,,2,Tender medley veg,160,39,4.3,3.6
,,,,,,,,2,"Pepper, red",115,32,7.6,1.4
,,,,,,,,2,Onion,240,34.8,7.8,1.5
,,,,,,,2,,"Mushroom, large",75,16,0.1,1.1
,,,,,,,,6,"Tomato, beef",200,20,3.1,1
,,,,,,,,,"Protein yoghurt, blueberry",200,62,5.3,0
,,,,,,,,,"Banana, small",85,103,23.2,1.1
02/08/19,,,,,,,,,Jacket potato,250,93,21,1.8
,,,,,,,150,,Prawn Marie Rose,1,131,3,0
,,,,,,,0,,Lime mayonnaise,0,0,0,0
,,,,,,,50,,Lettuce,1,14,1.3,1.3
,,,,,,,40,,Cucumber,1,15,3.6,0.5
,,,,,,,0.5,,"Tomato, beef",200,20,3.1,1
,,,,,,,,,"Chips, takeaway small",300,239,30.5,2.2
,,,,,,,2,,"Ham, slice",24,133,0.2,0
,,,,,,,,,Breyers ice cream,1,128,20,0
,,,,,,,2,,"Tonic, slimline",150,2,0,0
,,,,,,,750,,"Ginger beer, diet",1,1.7,0,0
,,,,,,,,,Pink grapefruit squash,1,7,1.4,0
03/08/19,,,,,,,2,,Oatibix,21.5,395,64,7.3
,,,,,,,150,,"Milk, skimmed",1,37,5,0
,,,,,,,300,,"Tonic water, diet",1,2,0,0
,,,,,,,10,,Carrs Table Water,7.6,412,73.9,4.2
,,,,,,,100,,Smoked salmon slices,1,204,1.1,0
,,,,,,,75,,Ricotta,1,105,3,0
,,,,,,,,3.3,Chicken breast fillets,640,137,0.2,0
,,,,,,,120,3.3,Carrot ,1,41,9.6,2.8
,,,,,,,80,3.3,Celery,1,16,3,1.6
,,,,,,,,3.3,Onion,240,34.8,7.8,1.5
,,,,,,,50,3.3,Green beans,1,32,3.1,3.4
,,,,,,,2,3.3,"Stock pot, chicken",28,160,26,0.7
,,,,,,,2,3.3,"Garlic, clove",3,133,33.1,2.1
,,,,,,,,,Orange,175,47,12,2.4
,,,,,,,,,"Pear, conference",100,43,10.9,1.6
,,,,,,,,,Nectarine,115,45,9,1.2
,,,,,,,115,3.3,Potato,1,76,16,1.8
,,,,,,,6,3,"Self-raising flour, ounce",28.4,335,69.9,3.7
,,,,,,,3,3,"Atora original, ounce",28.4,816,10.7,0.6
04/08/19,,,,,,,2,,Porridge,27,370,59,9
,,,,,,,2,,"Milk, skimmed",150,37,5,0
,,,,,,,,5,Chicken breast fillets,640,137,0.2,0
,,,,,,,120,5,Carrot ,1,41,9.6,2.8
,,,,,,,80,5,Celery,1,16,3,1.6
,,,,,,,,5,Onion,240,34.8,7.8,1.5
,,,,,,,50,5,Green beans,1,32,3.1,3.4
,,,,,,,2,5,"Stock pot, chicken",28,160,26,0.7
,,,,,,,2,5,"Garlic, clove",3,133,33.1,2.1
,,,,,,,115,5,Potato,1,76,16,1.8
,,,,,,,6,6,"Self-raising flour, ounce",28.4,335,69.9,3.7
,,,,,,,3,6,"Atora original, ounce",28.4,816,10.7,0.6
,,,,,,,,,Salad,,,,2.6
,,,,,,,,,Scone (Giles),,,,
,,,,,,,3,,"Ham, slice",,,,0
,,,,,,,50,,Pasta,1,367.5,73.5,3.2
,,,,,,,,,Pavlova,,,,
,,,,,,,250,,Fruit salad,1,73,19.1,1
,,,,,,,,,Elderflower,,,,
,,,,,,,,,Lemonade,,,,
05/08/19,,,,,,,2,,Oatibix,21.5,395,64,7.3
,,,,,,,150,,"Milk, skimmed",1,37,5,0
,,,,,,,,2,"Coffee, milk",60,37,5.2,0
,,,,,,,,2,"Half sugar, half teaspoon",2,400,98.9,0
,,,,,,,2,,Thins,40,225,38.6,3.5
,,,,,,,75,,Ricotta,1,105,3,0
,,,,,,,100,,Smoked salmon slices,1,204,1.1,0
,,,,,,,500,,"Fruit salad, large",1,73,19.1,1
,,,,,,,,,Vegetable Singapore Noodles,350,102,10.4,1.6
,,,,,,,600,,"Ginger beer, diet",1,1.7,0,0
,,,,,,,300,,Pepsi Max Ginger,1,0.4,0,0
06/08/19,,,,,,,250,,Fruit salad,1,73,19.1,1
,,,,,,,,,"Banana, small",60,103,23.2,1.1
,,,,,,,,,"Soup, glorious",600,37,4.9,1.5
,,,,,,,50,,Greek salad cheese,1,261,0,0
,,,,,,,1.5,,Thins,40,225,38.6,3.5
,,,,,,,,3.3,Beef mince,500,168,0.1,0
,,,,,,,,3.3,Onion,240,34.8,7.8,1.5
,,,,,,,,3.3,"Pepper, red",115,32,7.6,1.4
,,,,,,,5,3.3,"Bacon, slice",8,541,1.4,0
,,,,,,,,3.3,"Garlic, clove",3,133,33.1,2.1
,,,,,,,,3.3,Dolmio Bolognese (N.A.S.),750,38,6.2,1.3
,,,,,,,130,,Spaghetti,1,367.5,73.5,3.2
07/08/19,,,,,,,2,,Oatibix,21.5,395,64,7.3
,,,,,,,150,,"Milk, skimmed",1,37,5,0
,,,,,,,100,,Carrot ,1,41,9.6,2.8
,,,,,,,75,,Celery,1,16,3,1.6
,,,,,,,100,,Cucumber,1,15,3.6,0.5
,,,,,,,,3,"Pepper, red",115,32,7.6,1.4
,,,,,,,100,,Tzatziki,1,129,4.4,0.3
,,,,,,,100,,Houmous,1,278,10.6,5.3
,,,,,,,,2,Guacamole,170,228,3.9,3.8
,,,,,,,200,4,Gammon steak,1,158,1,0.6
,,,,,,,,6,New potatoes in herb butter,385,75,11.1,1.9
,,,,,,,,,Tender medley veg,160,39,4.3,3.6
,,,,,,,70,,Parsley sauce,1,73,9.9,0.2
,,,,,,,,2.5,Watermelon,440,35,7.6,0.1
,,,,,,,,,"Pear, ripe and ready",100,43,10.9,1.6
,,,,,,,,8,Strawberries,400,33,6.1,0
,,,,,,,300,,"Tonic water, diet",1,2,0,0
08/08/19,,,,,,,2.5,,Thins,40,225,38.6,3.5
,,,,,,,2,,"Ham, slice",24,133,0.2,0
,,,,,,,100,,Tzatziki,1,129,4.4,0.3
,,,,,,,,,"Caramel Macchiato, large",100,250,35,0
,,,,,,,,,"Mini caramel waffles, packet 20",100,720,99,1
,,,,,,,600,,"Tonic water, diet",1,2,0,0
,,,,,,,,2,Onion,240,34.8,7.8,1.5
,,,,,,,,2,"Pepper, red",115,32,7.6,1.4
,,,,,,,80,2,Green beans,1,32,3.1,3.4
,,,,,,,2,2,"Mushroom, large",75,16,0.1,1.1
,,,,,,,,2,Cod loin,250,98,0.2,0.2
,,,,,,,,2,Prawns,165,108,0.2,0
,,,,,,,,2,"Rice, Basmati micro",250,168,30.5,1.4
,,,,,,,100,2,Broccoli,1,34,7,2.6
09/08/19,,,,,,,2,,Oatibix,21.5,395,64,7.3
,,,,,,,150,,"Milk, skimmed",1,37,5,0
,,,,,,,1.5,,"Coffee, milk",60,37,5.2,0
,,,,,,,1.5,,"Half sugar, half teaspoon",2,400,98.9,0
,,,,,,,100,,"Salad, caramel square, undressed",1,16,3,1.6
,,,,,,,,,Deli wraps,61.2,304,50.2,6.2
,,,,,,,0.5,,Chicken breast,160,137,0.2,0
,,,,,,,50,,Goats cheese,1,291,1,0
,,,,,,,50,,Spinach,1,23,3.6,2.2
,,,,,,,0.1,,Caramelized onion,240,34.8,7.8,1.5
,,,,,,,,,Iced latte,100,150,15,0
,,,,,,,,2,Chicken crown,525,160,0.1,0
,,,,,,,,,"Tomato, beef",200,20,3.1,1
,,,,,,,,2,Onion,240,34.8,7.8,1.5
,,,,,,,,2,"Pepper, red",115,32,7.6,1.4
,,,,,,,2,,"Yorkshire pudding, small",18.3,248,41,2.8
,,,,,,,130,2,Green beans,1,32,3.1,3.4
,,,,,,,100,,Broccoli,1,34,7,2.6
10/08/19,,,,,,,2,,Porridge,27,370,59,9
,,,,,,,2,,"Milk, skimmed",150,37,5,0
,,,,,,,0.6,,Chunky chicken,400,140,3.4,0.6
,,,,,,,,,"Rice, Basmati micro",250,168,30.5,1.4
,,,,,,,75,,Peas,1,85,10.8,5.6
,,,,,,,,2,Tender medley veg,160,39,4.3,3.6
,,,,,,,900,,Pepsi Max Ginger,1,0.4,0,0
,,,,,,,,2,"Ice cream, salted caramel",1,128,20,0
,,,,,,,3,,Dates,19,279,64.5,6.7
,,,,,,,2,,"Wraps, mission deli seeded",60.9,304,50.1,6.2
,,,,,,,2,,"Ham, slice",24,133,0.2,0
,,,,,,,50,,Cheddar,1,416,0.2,0
,,,,,,,15,,"Chutney, caramelized onion",1,161,37.3,2.1
11/08/19,,,,,,,2,,Oatibix,21.5,395,64,7.3
,,,,,,,150,,"Milk, skimmed",1,37,5,0
,,,,,,,6,,Carrs Table Water,7.6,412,73.9,4.2
,,,,,,,4,,"Flatbreads, Jacobs",10.2,419,71.2,5.1
,,,,,,,,2,"Tomato, beef",200,20,3.1,1
,,,,,,,60,,Goats cheese,1,291,1,0
,,,,,,,100,,Tzatziki,1,129,4.4,0.3
,,,,,,,100,,Smoked salmon slices,1,204,1.1,0
,,,,,,,,,"Wraps, mission deli seeded",60.9,304,50.1,6.2
,,,,,,,,,"Kebabs, chicken and herb",60,230,7.4,0.5
,,,,,,,100,,Salad leaf,1,16,3,1.6
,,,,,,,10,,Tzatziki,1,129,4.4,0.3
,,,,,,,10,,Guacamole,1,228,3.9,3.8
,,,,,,,600,,"Ginger beer, diet",1,1.7,0,0
12/08/19,,,,,,,2,,Oatibix,21.5,395,64,7.3
,,,,,,,150,,"Milk, skimmed",1,37,5,0
,,,,,,,250,,Salad leaf,1,16,3,1.6
,,,,,,,2,,"Ham, slice",24,133,0.2,0
,,,,,,,15,,Tzatziki,1,129,4.4,0.3
,,,,,,,,,Chicken kebab,60,230,7.4,0.5
,,,,,,,,2,"Tomato, beef",200,20,3.1,1
,,,,,,,,,McDonalds signature classic,261,267.4,16.5,1
,,,,,,,,,McDonalds large fries,100,444,55,4.8
,,,,,,,,,"Coffee, milk",60,37,5.2,0
,,,,,,,3,,"Half sugar, half teaspoon",2,400,98.9,0
13/08/19,,,,,,,,,"Protein yoghurt, blueberry",200,62,5.3,0
,,,,,,,,,"Pear, ripe and ready",100,43,10.9,1.6
,,,,,,,0.67,,Tomato,200,20,3.1,1
,,,,,,,50,,Coleslaw,1,181,5.4,1.5
,,,,,,,,,Petit pain,48.1,285,58.8,2.9
,,,,,,,60,,Cheddar,1,416,0.2,0
,,,,,,,,8,Brie,200,410,0,0
,,,,,,,2,,"Coffee, milk",60,37,5.2,0
,,,,,,,3,,"Half sugar, half teaspoon",2,400,98.9,0
,,,,,,,,,"Fish pie, Sainsburys",450,117,10.6,0.9
,,,,,,,,,Tender medley veg,160,39,4.3,3.6
,,,,,,,2,15,Brownie,100,2186,117,28
14/08/19,,,,,,,2,,"Coffee, milk",60,37,5.2,0
,,,,,,,2,,"Half sugar, half teaspoon",2,400,98.9,0
,,,,,,,2,,"Eggs, boiled",50,143,0.7,0
,,,,,,,2,,"Granary bread, slice",38,256,46.4,3.7
,,,,,,,2,15,Brownie,100,2186,117,28
,,,,,,,10,,Lurpak,1,516,0.4,0
,,,,,,,300,,"Tonic water, diet",1,2,0,0
,,,,,,,,3,Onion,240,34.8,7.8,1.5
,,,,,,,,3,"Pepper, red",115,32,7.6,1.4
,,,,,,,0.33,3,Green beans,1,32,3.1,3.4
,,,,,,,0.63,3,"Bacon medallions, pack",200,541,1.4,0
,,,,,,,,3,"Mushroom, large",75,16,0.1,1.1
,,,,,,,,3,Beef mince,500,168,0.1,0
,,,,,,,,3,Passata,500,22,3.1,1.2
,,,,,,,120,3,Pasta (dry),1,367.5,73.5,3.2
,,,,,,,7.5,3,Tomato paste,1,94,15.4,2.5
,,,,,,,5,,Dates,19,279,64.5,6.7
15/08/19,,,,,,,,,"Pear, ripe and ready",100,43,10.9,1.6
,,,,,,,,,Mozzarella+tomato panini,145,241.4,29,2.1
,,,,,,,,,Iced latte,365,28,3.6,0
,,,,,,,3,,Sugar packet,1,400,99.9,0
,,,,,,,,,Tassimo capuccino,215,21,1.2,0
,,,,,,,,,"Coffee, milk",60,37,5.2,0
,,,,,,,5,,"Sugar, tsp",1,400,99.9,0
,,,,,,,,3,Onion,240,34.8,7.8,1.5
,,,,,,,2,3,"Mushroom, large",75,16,0.1,1.1
,,,,,,,,3,Beef steaks,350,192,0.2,0.2
,,,,,,,,2,Broccoli,1,34,7,2.6
,,,,,,,,1.3,"Rice, Basmati micro",250,168,30.5,1.4
,,,,,,,30,3,Spray oil,0.2,2,0.3,0.1
,,,,,,,,3,Crème Fraiche,200,168,4.8,0
,,,,,,,,3,Stock pot,28,95,3.4,0.9
16/08/19,,,,,,,3,,Oatibix,21.5,395,64,7.3
,,,,,,,250,,"Milk, skimmed",1,37,5,0
,,,,,,,,4,Onion,240,34.8,7.8,1.5
,,,,,,,,4,"Pepper, red",115,32,7.6,1.4
,,,,,,,0.33,4,Green beans,1,32,3.1,3.4
,,,,,,,0.63,4,"Bacon medallions, pack",200,541,1.4,0
,,,,,,,,4,"Mushroom, large",75,16,0.1,1.1
,,,,,,,,4,Beef mince,500,168,0.1,0
,,,,,,,,4,Passata,500,22,3.1,1.2
,,,,,,,120,4,Pasta (dry),1,367.5,73.5,3.2
,,,,,,,7.5,4,Tomato paste,1,94,15.4,2.5
,,,,,,,1,15,Brownie,100,2186,117,28
,,,,,,,,,"Pear, ripe and ready",100,43,10.9,1.6
,,,,,,,,,Orange,175,47,12,2.4
,,,,,,,,2,Cod loin fillets,250,98,0.2,0.2
,,,,,,,,2,Prawns,165,108,0.2,0
,,,,,,,,2,"Potatoes, herb butter",385,75,11.1,1.9
,,,,,,,,,Farmhouse veg,135,30,3.3,2.2
,,,,,,,150,2,Peas,1,85,10.8,5.6
17/08/19,,,,,,,2,,Porridge,27,370,59,9
,,,,,,,2,,"Milk, skimmed",150,37,5,0
,,,,,,,,,Apple,100,57,11.6,0
,,,,,,,1,15,Brownie,100,2186,117,28
,,,,,,,,,"Soup, glorious",600,37,4.9,1.5
,,,,,,,2,,"Bread, granary",38,256,46.4,3.7
,,,,,,,50,,Greek cheese,1,261,0,0
,,,,,,,,,"Coffee, milk",60,37,5.2,0
,,,,,,,,,"Half sugar, half teaspoon",2,400,98.9,0
,,,,,,,300,,"Ginger beer, diet",1,1.7,0,0
,,,,,,,300,,"Tonic water, diet",1,2,0,0
,,,,,,,,3,Cod loin fillets,250,98,0.2,0.2
,,,,,,,,3,Prawns,165,108,0.2,0
,,,,,,,,3,Onion,240,34.8,7.8,1.5
,,,,,,,,3,"Pepper, red",115,32,7.6,1.4
,,,,,,,100,3,Green beans,1,32,3.1,3.4
,,,,,,,0.67,3,"Tomato, beef",200,20,3.1,1
,,,,,,,0.38,3,"Bacon medallions, pack",200,541,1.4,0
,,,,,,,,3,"Mushroom, large",75,16,0.1,1.1
,,,,,,,,3,Chorizo,75,338,1.1,0
,,,,,,,,3,Passata,500,22,3.1,1.2
,,,,,,,,3,"Rice, Basmati micro",250,168,30.5,1.4
,,,,,,,0.5,3,Tuna,160,113,0,0
18/08/19,,,,,,,,,Trio of roasts,,,,
,,,,,,,,2.5,Millionaire's cheesecake,,,,
27/08/19,,,,,,,3,,Oatibix,21.5,395,64,7.3
,,,,,,,250,,"Milk, skimmed",1,37,5,0
,,,,,,,,,Apple,100,57,11.6,0
,,,,,,,,,"Pear, ripe and ready",100,43,10.9,1.6
,,,,,,,,,Nectarine,115,45,9,1.2
,,,,,,,,,"Banana, small",60,103,23.2,1.1
,,,,,,,0.3,,New potatoes in herb butter,385,75,11.1,1.9
,,,,,,,,4,Steak,350,192,0.2,0.2
,,,,,,,,,Salad,100,64,9.4,2.6
,,,,,,,,4,Onion,240,34.8,7.8,1.5
,,,,,,,,3,"Pepper, red",115,32,7.6,1.4
,,,,,,,125,,Carrot ,1,41,9.6,2.8
,,,,,,,,,"Mushroom, large",75,16,0.1,1.1
,,,,,,,30,3,Spray oil,0.2,2,0.3,0.1
,,,,,,,100,,Squash,1,227.3,57.3,0
28/08/19,,,,,,,950,,Grapefruit squash,1,7,1.4,0
,,,,,,,950,3,"Orange Juice, diluted",1,32,6.9,0
,,,,,,,2,,"Thins, warburtons",40,252,45.2,3.5
,,,,,,,100,,Smoked salmon slices,1,204,1.1,0
,,,,,,,40,,Philadelphia Light,1,150,5.2,0.4
,,,,,,,,2,Breyers ice cream,500,128,20,0
,,,,,,,,,"Rice, Basmati micro",250,168,30.5,1.4
,,,,,,,,4,Onion,240,34.8,7.8,1.5
,,,,,,,,4,"Pepper, red",115,32,7.6,1.4
,,,,,,,150,4,Green beans,1,32,3.1,3.4
,,,,,,,,4,Kidney beans,400,105,12.8,7.8
,,,,,,,,4,"Chopped tomatoes, tin",400,24,3.5,0.9
,,,,,,,,4,Beef mince,500,168,0.1,0
,,,,,,,4,4,"Half sugar, half teaspoon",2,400,98.9,0
,,,,,,,,4,"Mushroom, large",75,16,0.1,1.1
,,,,,,,2,4,"Garlic, clove",3,133,33.1,2.1
,,,,,,,,4,"Passata, carton",500,22,3.1,1.2
,,,,,,,30,4,Spray oil,0.2,2,0.3,0.1
30/08/19,,,,,,,,2,Mozzarella cheese,125,172,0,0
,,,,,,,,2,Tomato,200,20,3.1,1
,,,,,,,,2,Avocado,140,198,1.9,3.4
,,,,,,,75,2,Lettuce,1,14,1.3,1.3
,,,,,,,20,,Tzatziki,1,129,4.4,0.3
,,,,,,,70,,Cucumber,1,15,3.6,0.5
,,,,,,,2,,Chicken drumsticks,80,160,0,0
,,,,,,,,2,Three Bean salad,250,114,14.8,6.1
,,,,,,,230,3,"Rice, arborio",1,118,25.9,1.1
,,,,,,,,3,"Chopped tomatoes, tin",400,24,3.5,0.9
,,,,,,,25,3,Green beans,1,32,3.1,3.4
,,,,,,,,3,Onion,240,34.8,7.8,1.5
,,,,,,,,3,"Bacon medallions, pack",200,541,1.4,0
,,,,,,,,3,"Garlic, very lazy, tsp",5,76,11.3,4.9
,,,,,,,,3,"Tuna, tin",160,113,0,0
,,,,,,,,3,Cod loin fillets,250,98,0.2,0.2
,,,,,,,,3,Prawns,165,108,0.2,0
,,,,,,,,2,"Beans, broccoli, sweetcorn",240,27,3.1,3.1
,,,,,,,50,,Bottlegreen cordial,1,227.3,57.3,0
,,,,,,,,,"Coffee, milk",60,37,5.2,0
,,,,,,,,,"Half sugar, half teaspoon",1,400,99.9,0
,,,,,,,,,"Pear, ripe and ready",100,43,10.9,1.6
,,,,,,,,,"Protein yoghurt, blueberry",200,62,5.3,0
01/09/19,,,,,,,,,"Pear, ripe and ready",100,43,10.9,1.6
,,,,,,,,,"Protein yoghurt, blueberry",200,62,5.3,0
,,,,,,,,2,"Baked beans, tin",415,78,12.5,3.6
,,,,,,,,,"Tomato, beef",200,20,3.1,1
,,,,,,,,,Pasty,226.7,251,21.1,0
,,,,,,,2,,"Wraps, mission deli seeded",60.9,304,50.1,6.2
,,,,,,,0.38,,Chicken breast fillets,640,137,0.2,0
,,,,,,,20,,"Cheddar, grated",1,416,0.2,0
,,,,,,,,4,"Tomato, beef",200,20,3.1,1
,,,,,,,50,,Lettuce,1,14,1.3,1.3
,,,,,,,35,,Cucumber,1,15,3.6,0.5
,,,,,,,40,,White cabbage,1,25,6,2.5
,,,,,,,25,,Sweetcorn,1,77,11.8,2.5
,,,,,,,0,,Tzatziki,1,129,4.4,0.3
,,,,,,,15,,"Mayonnnaise, Hellmanns light",1,264,6,0
,,,,,,,0,,"Salsa dip, Sainsburys basics",1,32,5.7,1.1
,,,,,,,300,2.5,"Orange Juice, diluted",1,32,6.9,0
,,,,,,,,2,Onion,240,34.8,7.8,1.5
,,,,,,,,2,"Pepper, red",115,32,7.6,1.4
02/09/19,,,,,,,,,"Pear, ripe and ready",100,43,10.9,1.6
,,,,,,,,,"Protein yoghurt, blueberry",200,62,5.3,0
,,,,,,,2,,"Coffee, milk",60,37,5.2,0
,,,,,,,2,,"Half sugar, half teaspoon",1,400,99.9,0
,,,,,,,,,"Soup, glorious",600,37,4.9,1.5
,,,,,,,50,,Greek cheese,1,261,0,0
,,,,,,,,2,Cod loin fillets,250,98,0.2,0.2
,,,,,,,,2,Prawns,165,108,0.2,0
,,,,,,,,,"Beans, broccoli, sweetcorn",240,27,3.1,3.1
,,,,,,,0.4,,New potatoes in herb butter,385,75,11.1,1.9
,,,,,,,300,,Pepsi Max Ginger,1,0.4,0,0
03/09/19,,,,,,,,,"Protein yoghurt, blueberry",200,62,5.3,0
,,,,,,,,,"Banana, small",60,103,23.2,1.1
,,,,,,,,,Pasty,226.7,251,21.1,0
,,,,,,,0.5,,"Baked beans, tin",415,78,12.5,3.6
,,,,,,,0.5,,Tomato,200,20,3.1,1
,,,,,,,2,,"Coffee, milk",60,37,5.2,0
,,,,,,,2,,"Half sugar, half teaspoon",1,400,99.9,0
,,,,,,,300,,Pepsi Max Ginger,1,0.4,0,0
,,,,,,,,4,Onion,240,34.8,7.8,1.5
,,,,,,,,4,"Pepper, red",115,32,7.6,1.4
,,,,,,,,4,Carrot ,1,41,9.6,2.8
,,,,,,,100,4,Green beans,1,32,3.1,3.4
,,,,,,,,4,"Mushroom, large",75,16,0.1,1.1
,,,,,,,0.5,4,"Bacon medallions, pack",200,541,1.4,0
,,,,,,,,4,"Chopped tomatoes, tin",400,24,3.5,0.9
,,,,,,,,4,Beef stock cube,5.9,265,35.7,4.2
,,,,,,,,4,Beef mince,500,168,0.1,0
,,,,,,,240,2,Pasta (dry),1,367.5,73.5,3.2
04/09/19,,,,,,,2,,"Coffee, milk",60,37,5.2,0
,,,,,,,2,,"Half sugar, half teaspoon",1,400,99.9,0
,,,,,,,,4,Onion,240,34.8,7.8,1.5
,,,,,,,,4,"Pepper, red",115,32,7.6,1.4
,,,,,,,,4,Carrot ,1,41,9.6,2.8
,,,,,,,100,4,Green beans,1,32,3.1,3.4
,,,,,,,,4,"Mushroom, large",75,16,0.1,1.1
,,,,,,,0.5,4,"Bacon medallions, pack",200,541,1.4,0
,,,,,,,,4,"Chopped tomatoes, tin",400,24,3.5,0.9
,,,,,,,,4,Beef stock cube,5.9,265,35.7,4.2
,,,,,,,,4,Beef mince,500,168,0.1,0
,,,,,,,240,2,Pasta (dry),1,367.5,73.5,3.2
,,,,,,,1,,Thins,40,252,45.2,3.5
,,,,,,,25,,Peamutt butter,1,645,9.2,6.5
,,,,,,,12,,"Jam, strawberry",1,254,61.9,1.7
,,,,,,,60,,"Cheddar, grated",1,416,0.2,0
,,,,,,,,,Apple,100,57,11.6,0
,,,,,,,,,"Pear, ripe and ready",100,43,10.9,1.6
,,,,,,,,,Nectarine,115,45,9,1.2
,,,,,,,,,Orange,175,47,12,2.4
,,,,,,,2,,Dates,19,279,64.5,6.7
05/09/19,,,,,,,,,Fish pie,450,117,10.6,0.9
,,,,,,,,,"Coffee, milk",60,37,5.2,0
,,,,,,,,,"Half sugar, half teaspoon",1,400,99.9,0
,,,,,,,,,Costa americano,286,2,0.9,0
,,,,,,,45,,"Milk, skimmed",1,37,5.2,0
,,,,,,,,,Cheese & mushroom toasty,175,249,25.8,0
,,,,,,,200,,Gammon steak,1,158,1,0.6
,,,,,,,0.33,,New potatoes in herb butter,385,75,11.1,1.9
,,,,,,,100,,Peas,1,85,10.8,5.6
,,,,,,,70,,Parsley sauce,1,73,9.9,0.2
,,,,,,,,,"Protein yoghurt, blueberry",200,62,5.3,0
,,,,,,,,,"Pear, ripe and ready",100,43,10.9,1.6
06/09/19,,,,,,,1.5,,"Coffee, milk",60,37,5.2,0
,,,,,,,1.5,,"Half sugar, half teaspoon",1,400,99.9,0
,,,,,,,250,,Jacket potato,1,76,16,1.8
,,,,,,,50,,"Cheddar, grated",1,416,0.2,0
,,,,,,,20,,Lurpak,1,516,0.4,0
,,,,,,,,,"Banana, small",60,103,23.2,1.1
,,,,,,,4,,Chicken kebabs,60,230,7.4,0.5
,,,,,,,,4,"Tomato, beef",200,20,3.1,1
,,,,,,,30,,Lettuce,1,14,1.3,1.3
,,,,,,,50,,Cucumber,1,15,3.6,0.5
,,,,,,,100,,White cabbage,1,25,6,2.5
,,,,,,,40,,Carrot ,1,41,9.6,2.8
07/09/19,,,,,,,2,,Oatibix,21.5,395,64,7.3
,,,,,,,250,,"Milk, skimmed",1,37,5,0
,,,,,,,25,,Pasta salad,1,203.5,17.5,1.6
,,,,,,,30,,Three bean salad,1,60,12,1
,,,,,,,20,,Lettuce,1,14,1.3,1.3
,,,,,,,75,,Tomato,1,20,3.1,1
,,,,,,,30,,Feta cheese salad,1,131,15.4,1.7
,,,,,,,0.5,,Kofta,50,258,13.5,2.2
,,,,,,,30,,Moussaka,1,111.2,7.4,1.3
,,,,,,,,2,Onion,240,34.8,7.8,1.5
,,,,,,,2,,"Mushroom, large",75,16,0.1,1.1
,,,,,,,5,,Olive oil,1,823,0,0
,,,,,,,2,,Steaks,87.5,192,0.2,0.2
,,,,,,,2,,Thins,40,252,45.2,3.5
,,,,,,,3,,"Prosecco, flute",147,82.3,2.6,0
,,,,,,,2,,"Coffee, milk",60,37,5.2,0
,,,,,,,2,,"Half sugar, flat teaspoon",7,400,99.9,0
,,,,,,,120,,Fruit juice,1,32,6.9,0
08/09/19,,,,,,,2,,Porridge,27,370,59,9
,,,,,,,2,,"Milk, skimmed",150,37,5,0
,,,,,,,100,,Smoked salmon slices,1,204,1.1,0
,,,,,,,53,,Philadelphia Light,1,150,5.2,0.4
,,,,,,,100,,Bread,1,250,51.4,3
,,,,,,,,,"Pear, ripe and ready",100,43,10.9,1.6
,,,,,,,,,Nectarine,115,45,9,1.2
,,,,,,,,,Easy peeler,85,43,9.1,0
,,,,,,,2,,"Coffee, milk",60,37,5.2,0
,,,,,,,2,,"Half sugar, flat teaspoon",7,400,99.9,0
,,,,,,,70,,Bread,1,250,51.4,3
,,,,,,,7,,Lurpak,1,516,0.4,0
,,,,,,,6,2,Eggs,50,143,0.7,0
,,,,,,,5,2,"Ham, slice",24,133,0.2,0
,,,,,,,40,2,Peas,1,85,10.8,5.6
09/09/19,,,,,,,,,Kebab,,,,
,,,,,,,,,Fish pie,450,117,10.6,0.9
,,,,,,,,,Rubicon,500,2,0.1,0
,,,,,,,2,,"Coffee, milk",60,37,5.2,0
,,,,,,,2,,"Half sugar, half teaspoon",7,400,99.9,0
10/09/19,,,,,,,,,Porridge,27,370,59,9
,,,,,,,,,"Milk, skimmed",150,37,5,0
,,,,,,,2,,Thins,40,252,45.2,3.5
,,,,,,,0.5,,Tomato,1,20,3.1,1
,,,,,,,50,,"Cheddar, grated",1,416,0.2,0
,,,,,,,,,Orange,175,47,12,2.4
,,,,,,,4,,"Coffee, milk",60,37,5.2,0
,,,,,,,4,,"Half sugar, flat teaspoon",7,400,99.9,0
,,,,,,,,2,Cod loin fillets,250,98,0.2,0.2
,,,,,,,,2,Prawns,165,108,0.2,0
,,,,,,,,2,New potatoes in herb butter,385,75,11.1,1.9
,,,,,,,,,"Beans, broccoli, sweetcorn",240,27,3.1,3.1
,,,,,,,120,,Breyers ice cream,1,128,20,0
11/09/19,,,,,,,,,Porridge,27,370,59,9
,,,,,,,,,"Milk, skimmed",150,37,5,0
,,,,,,,,,"Banana, small",60,103,23.2,1.1
,,,,,,,,,"Vegetable Samosa, Waitrose",110,243.6,12,0
,,,,,,,,,"Cheddar Ploughmans sandwich, Waitrose",185.7,224,13.4,0
,,,,,,,,,Involuntinis,80,212,3,0
,,,,,,,,3,Onion,240,34.8,7.8,1.5
,,,,,,,,3,"Pepper, red",115,32,7.6,1.4
,,,,,,,200,3,Carrot ,1,41,9.6,2.8
,,,,,,,100,3,Green beans,1,32,3.1,3.4
,,,,,,,,3,Diced chicken,410,137,0.2,0
,,,,,,,,3,Coconut cream,250,219,4.5,0.2
,,,,,,,,3,Thai curry paste,5,76,11.3,0
,,,,,,,,3,"Garlic, very lazy, tsp",3,109,21,4.9
,,,,,,,,3,"Ginger, very lazy tsp",3,21,12.1,0
,,,,,,,,,Grenade bar,60,373,25.7,11.5
,,,,,,,0.5,,"Rice, Basmati micro",250,168,30.5,1.4
12/09/19,,,,,,,240,3,Pasta (dry),1,367.5,73.5,3.2
,,,,,,,120,3,"Pasta wholemeal, dry",1,348,75,0
,,,,,,,,3,Beef mince,500,168,0.1,0
,,,,,,,,3,Onion,240,34.8,7.8,1.5
,,,,,,,,3,"Pepper, red",115,32,7.6,1.4
,,,,,,,,3,Celery,1,16,3,1.6
,,,,,,,,3,Green beans,1,32,3.1,3.4
,,,,,,,,3,Chorizo,75,338,1.1,0
,,,,,,,,3,"Chopped tomatoes, tin",400,24,3.5,0.9
,,,,,,,10,3,Tomato puree,1,94,15.4,2.5
,,,,,,,0.5,,"Bacon medallions, pack",200,541,1.4,0
,,,,,,,2,,Thins,40,252,45.2,3.5
,,,,,,,50,,Lettuce,1,14,1.3,1.3
,,,,,,,0.5,,"Tomato, beef",200,20,3.1,1
,,,,,,,2,,"Coffee, milk",60,37,5.2,0
,,,,,,,2,,"Half sugar, flat teaspoon",7,400,99.9,0
13/09/19,,,,,,,,,Chicken mushroom pie,212,216,20.9,1.5
,,,,,,,,,"Chips, large",500,191.2,24.4,1.6
,,,,,,,100,,Celery,1,16,3,1.6
,,,,,,,100,,Cucumber,1,15,3.6,0.5
,,,,,,,100,,Tzatziki,1,129,4.4,0.3
,,,,,,,2,,"Coffee, milk",27,370,59,0
,,,,,,,2,,"Half sugar, flat teaspoon",150,37,5,0
14/09/19,,,,,,,,,Porridge,27,370,59,9
,,,,,,,,,"Milk, skimmed",150,37,5,0
,,,,,,,,,"Soup, glorious",600,37,4.9,1.5
,,,,,,,44,,Greek cheese,1,261,0,0
,,,,,,,,,"Bread, wholemeal, slice",39.7,234,36.7,3.7
,,,,,,,1.5,,"Coffee, milk",60,37,5.2,0
,,,,,,,1.5,,"Half sugar, flat teaspoon",7,400,99.9,0
,,,,,,,,2,Onion,240,34.8,7.8,1.5
,,,,,,,100,2,Green beans,1,32,3.1,3.4
,,,,,,,,2,"Sweetcorn, tin",165,77,11.8,2.5
,,,,,,,,2,Dolmio Bolognese (N.A.S.),750,38,6.2,1.3
,,,,,,,,2,Meatballs,350,170,20,0.2
,,,,,,,240,2,"Pasta wholemeal, dry",1,348,75,0
,,,,,,,,,"Protein yoghurt, blueberry",200,62,5.3,0
,,,,,,,,,"Pear, ripe and ready",100,43,10.9,1.6
15/09/19,,,,,,,,,Porridge,27,370,59,9
,,,,,,,,,"Milk, skimmed",150,37,5,0
,,,,,,,86,,"Wholemeal bread, seeded",1,269,37.1,4.7
,,,,,,,44,,Cheddar,1,416,0.2,0
,,,,,,,10,,Chutney,1,150,38.5,3
,,,,,,,0.5,,"Tomato, beef",200,20,3.1,1
,,,,,,,,,"Pear, ripe and ready",100,43,10.9,1.6
,,,,,,,,,Onion,240,34.8,7.8,1.5
,,,,,,,,,"Pepper, red",115,32,7.6,1.4
,,,,,,,,,"Garlic, very lazy, tsp",3,109,21,4.9
,,,,,,,,,"Chopped tomatoes, tin",400,24,3.5,0.9
,,,,,,,14,,Tomato puree,1,94,15.4,2.5
,,,,,,,,,Kidney beans,400,105,12.8,7.8
,,,,,,,,,"Half sugar, flat teaspoon",7,400,99.9,0
,,,,,,,0.67,,"Rice, Basmati micro",250,168,30.5,1.4
,,,,,,,133,,Breyers ice cream,1,128,20,0
16/09/19,,,,,,,108,,"Wholemeal bread, seeded",1,269,37.1,4.7
,,,,,,,80,,Houmous,1,278,10.6,5.3
,,,,,,,2,,"Ham, slice",30,133,0.2,0
,,,,,,,,,Vegetable Singapore Noodles,350,102,10.4,1.6
,,,,,,,,,Porridge,27,370,59,9
,,,,,,,,,"Milk, skimmed",150,37,5,0
,,,,,,,10,,Mixed nuts,1,651,5.4,8.3
,,,,,,,10,,"Cherries, dried",1,328,77.9,2.5
,,,,,,,2.5,,"Coffee, milk",27,370,59,0
,,,,,,,4.93,,"Half sugar, flat teaspoon",150,37,5,0
,,,,,,,100,,"Orange Juice, diluted",1,32,6.9,0
,,,,,,,30,,Bottlegreen cordial,1,227.3,57.3,0
19/09/19,,,,,,,,,"Soup, butternut squash",600,34,3.3,1.1
,,,,,,,85,,"Wholemeal bread, seeded",1,269,37.1,4.7
,,,,,,,3,,"Coffee, milk",60,37,5.2,0
,,,,,,,3,,"Half sugar, flat teaspoon",6,400,99.9,0
,,,,,,,7,,Jacobs flatbreads,10.2,419,71.2,5.1
,,,,,,,50,,Cheddar,1,416,0.2,0
,,,,,,,20,,Lurpak,1,516,0.4,0
,,,,,,,100,,Tonic water,1,2,0,0
,,,,,,,0.6,,Gammon steak,100,158,1,0.6
,,,,,,,0.11,,Chicken fillet,640,137,0.2,0
,,,,,,,15,,"Mashed potatoes, pellet",14,103,15,1
,,,,,,,,2,"Beans, broccoli, sweetcorn",240,27,3.1,3.1
,,,,,,,200,3,Peas,1,85,10.8,5.6
,,,,,,,15,,Dairy Milk,1,526,57.5,2.4
20/09/19,,,,,,,,4,Chicken crown (3),525,160,0.2,0.1
,,,,,,,,4,"Chips, oven",710,144,23,2.3
,,,,,,,,4,Onion,240,34.8,7.8,1.5
,,,,,,,,4,"Pepper, red",115,32,7.6,1.4
,,,,,,,0.5,4,Tomato,200,20,3.1,1
,,,,,,,300,4,Carrot ,1,41,9.6,2.8
,,,,,,,40,4,Spray oil,0.2,2,0.3,0.1
,,,,,,,150,,"Pasta wholemeal, dry",1,348,75,0
,,,,,,,47.5,,Pesto,1,298,8.1,2.5
,,,,,,,2,,"Coffee, milk",60,37,5.2,0
,,,,,,,2,,"Half sugar, flat teaspoon",6,400,99.9,0
,,,,,,,30,,Dairy Milk,1,526,57.5,2.4
21/09/19,,,,,,,3,,"Bread, 50/50, slice",40.2,234,41.9,4.7
,,,,,,,2,,"Marmalade, tsp",5,264,64.6,1.6
,,,,,,,15,,Lurpak,1,516,0.4,0
,,,,,,,,,"Philadelphia Lite, mini",35,150,5.2,0.4
,,,,,,,5,,"Rosemary crackers, coop",5,480,60,0
,,,,,,,100,,Smoked salmon slices,1,204,1.1,0
,,,,,,,0.5,,Koftas,152,258,13.5,2.2
,,,,,,,3,,"Coffee, milk",60,37,5.2,0
,,,,,,,3,,"Half sugar, half teaspoon",3,400,99.9,0
,,,,,,,500,,"Tonic water, fever tree clementine",1,19,4.7,0
,,,,,,,,3,Onion,240,34.8,7.8,1.5
,,,,,,,2,3,"Mushroom, large",75,16,0.1,1.1
,,,,,,,100,3,Green beans,1,32,3.1,3.4
,,,,,,,,3,"Garlic, very lazy, tsp",3,109,21,4.9
,,,,,,,0.33,3,Chicken fillet,640,137,0.2,0
,,,,,,,,3,"Chopped tomatoes, tin",400,24,3.5,0.9
,,,,,,,,3,"Tuna chunks, tin",160,113,0,0
,,,,,,,,3,Cod loin fillets,250,98,0.2,0.2
,,,,,,,,3,Prawns,165,108,0.2,0
,,,,,,,,3,"Rice, Basmati micro",250,168,30.5,1.4
,,,,,,,,2,Egg,59.4,143,0,0
,,,,,,,113.4,2,Self-raising flour,1,335,69.9,3.7
,,,,,,,113.4,2,Sugar,1,400,99.9,0
,,,,,,,113.4,2,Lurpak,1,516,0.4,0
,,,,,,,,2,"Nutella, tsp",5,539,57.5,0
08/10/19,,,,,,,2,,"Wholemeal bread, seeded",40.2,234,41.9,4.7
,,,,,,,2,,"Marmalade, tsp",5,264,64.6,1.6
,,,,,,,2,,Lurpak,1,516,0.4,0
,,,,,,,2,,Thins,40,252,45.2,3.5
,,,,,,,,,"Soup, mushroom",600,30,2.6,0.6
,,,,,,,,2,Onion,240,34.8,7.8,1.5
,,,,,,,,2,"Pepper, red",115,32,7.6,1.4
,,,,,,,100,2,Green beans,1,32,3.1,3.4
,,,,,,,60,2,Carrots,1,41,9.6,2.8
,,,,,,,,2,"Chicken, diced",410,137,0.2,0
,,,,,,,,2,"Curry paste, Thai",50,76,11.3,0
,,,,,,,,2,Coconut cream,250,219,4.5,0.2
,,,,,,,,2,"Garlic, very lazy, tsp",3,109,21,4.9
,,,,,,,,,"Rice, Basmati micro",250,168,30.5,1.4
,,,,,,,2,,"Coffee, milk",60,37,5.2,0
,,,,,,,2,,"Half sugar, half teaspoon",3,400,99.9,0
13/10/19,,,,,,,100,,Smoked salmon slices,1,204,1.1,0
,,,,,,,8,,"Carrs Table Water, large",7.6,412,73.9,4.2
,,,,,,,,,"Philadelphia Lite, mini",35,150,5.2,0.4
,,,,,,,2,,"Coffee, milk",60,37,5.2,0
,,,,,,,2,,"Half sugar, half teaspoon",6,400,99.9,0
,,,,,,,150,,"Orange Juice, diluted",1,32,6.9,0
,,,,,,,,2,Chicken crown (3),525,160,0.2,0.1
,,,,,,,,2,New Potatoes in herb butter,385,75,11.1,1.9
,,,,,,,2,,"Yorkshire pudding, small",18.3,248,41,2.8
,,,,,,,,2,"Stuffing, sage & onion",270,119,22.3,1.7
,,,,,,,,2,Carrots,1,41,9.6,2.8
,,,,,,,,2,Onion,240,34.8,7.8,1.5
,,,,,,,,2,"Pepper, red",115,32,7.6,1.4
,,,,,,,,2,"Beans, broccoli, sweetcorn",240,27,3.1,3.1
,,,,,,,,2,"Mushroom, large",75,16,0.1,1.1
,,,,,,,40,2,Spray oil,0.2,2,0.3,0.1
,,,,,,,,,Gravy granules,12,400,61.6,2.1
08/11/19,,,,,,,4,,"Bread, granary",38,256,46.4,3.7
,,,,,,,8,,Lurpak,1,516,0.4,0
,,,,,,,48,,Cheddar,1,416,0.2,0
,,,,,,,300,,"Orange Juice, diluted",1,32,6.9,0
,,,,,,,3,,"Chutney, onion, tsp",5,150,38.5,3
,,,,,,,2,,"Coffee, milk",60,37,5.2,0
,,,,,,,2,,"Half sugar, half teaspoon",6,400,99.9,0
,,,,,,,3,,Sausages,56.6,211,3.7,0.9
,,,,,,,,2,Onion,240,34.8,7.8,1.5
,,,,,,,0.8,2,"Pepper, red",115,32,7.6,1.4
,,,,,,,0.5,,Tomato,200,20,3.1,1
,,,,,,,2,2,Carrot,100,41,9.6,2.8
,,,,,,,164,2,Broccoli,1,34,7,2.6
,,,,,,,165,2,Green beans,1,32,3.1,3.4
,,,,,,,57,2,Sweetcorn,1,77,11.8,2.5
,,,,,,,,,"Gravy granules, beef",5,397,59.8,2.1
,,,,,,,12,,"Mashed potatoes, pellet",14,103,15,1
,,,,,,,,,Chocolate digestive,16.7,495,62.2,3
,,,,,,,2,,Shortcake biscuit,20,525,60.5,1.9
,,,,,,,4,,"Coffee, milk",60,37,5.2,0
,,,,,,,1,,"Half sugar, half teaspoon",6,400,99.9,0
,,,,,,,1,,"Sugar, teaspoons",5,400,99.9,0
,,,,,,,,,"Soup, heinz tomato",400,51,6.8,0.6
,,,,,,,,,Bread roll,79.1,253,47,3.4
,,,,,,,,,"Chocolate cake, slice",60.1,439,53.1,2.1
,,,,,,,,,"Bread, buttered, piece",40,504,36,2
,,,,,,,,,"Salad, mixed",100,14,1.3,1.4
,,,,,,,2,,Potato salad,10,169,10.4,1.3
,,,,,,,1,,Walnut salad,10,144,13.6,7.2
,,,,,,,,,"Ham, slice",34.5,110,1.7,0
,,,,,,,,,"Beef, slice",30,154,1.5,0
,,,,,,,0.5,,"Chicken, slice",30,115,1.8,0.1
,,,,,,,2,,"Quiche, wedge",30,283,17.8,1.7
,,,,,,,,,Grapes (10),30,75,17,0
,,,,,,,30,,Cucumber,1,15,3.6,0.5
,,,,,,,,4,"Trifle, M&S",150,147,17.1,0.6
,,,,,,,,,"Cake, slice",50,365,68.9,2.6
,,,,,,,4,,"Bread, granary",38,256,46.4,3.7
,,,,,,,8,,Lurpak,1,516,0.4,0
,,,,,,,30,,Cheddar,1,416,0.2,0
,,,,,,,1,,"Orange Juice, diluted",125,32,6.9,0
,,,,,,,2,,"Wine, white",125,67,0,0
10/11/19,,,,,,,,,"Soup, carrot & coriander",600,44,5.2,1.2
,,,,,,,4,,"Bread, wholemeal, slice",38,256,46.4,3.7
,,,,,,,30,,Cheddar,1,416,0.2,0
,,,,,,,150,,"Orange Juice, diluted",1,32,6.9,0
,,,,,,,,,"Coffee, milk",60,37,5.2,0
,,,,,,,,,"Half sugar, half teaspoon",6,400,99.9,0
,,,,,,,,2,Toad in the hole,350,295,23,4.4
,,,,,,,12,,"Mashed potatoes, pellet",14,103,15,1
,,,,,,,,2,Baked beans,415,66,9.5,3.6
12/01/20,,,,,,,92,,Wholegrain & Oat bread,1,245,38.8,5.9
,,,,,,,17,,Lurpak,1,516,0.4,0
,,,,,,,,,"Coffee, milk",88,37,5.2,0
,,,,,,,,,"Half sugar, flat teaspoon",6,400,99.9,0
,,,,,,,17,,Marmalade,1,250,61,0
,,,,,,,250,,"Orange Juice, diluted",1,32,6.9,0
,,,,,,,,4,"Mushroom, large",75,16,0.1,1.1
,,,,,,,,4,"Pepper, red",115,32,7.6,1.4
,,,,,,,,4,Onion,240,34.8,7.8,1.5
,,,,,,,2,4,Bacon rashers,26,229.2,0,0
,,,,,,,1,4,"Chopped tomatoes, carton",400,20,3,0.9
,,,,,,,,4,Beef mince,500,168,0.1,0
,,,,,,,,4,"Garlic, clove",3,133,33.1,2.1
,,,,,,,40,4,Spray oil,0.2,2,0.3,0.1
,,,,,,,133,,"Spaghetti, dry",1,355.6,72.2,3.1
,,,,,,,,,"Protein yoghurt, blueberry",200,62,5.3,0
,,,,,,,,,"Pear, ripe and ready",100,43,10.9,1.6
,,,,,,,20,4,Green beans,1,32,3.1,3.4
13/01/20,,,,,,,2,,"Coffee, milk",88,37,5.2,0
,,,,,,,,,"Half sugar, flat teaspoon",6,400,99.9,0
,,,,,,,,,"Sugar, teaspoons",5,400,99.9,0
,,,,,,,,,Hot chocolate,250,77,10.7,0.4
,,,,,,,6,,Ryvita Thins,6.5,401,70.8,5.2
,,,,,,,,,"Philadelphia Lite, mini",35,150,5.2,0.4
,,,,,,,55,,Smoked salmon slices,1,204,1.1,0
,,,,,,,15,,Mitsuba sushi mix,1,412,75.5,2.1
,,,,,,,,,Fish pie,450,117,10.6,0.9
,,,,,,,,,"Vegetables, frozen pouch",135,30,3.3,2.2
,,,,,,,,,"Banana, small",60,103,23.2,1.1
14/01/20,,,,,,,,,"Chunky chicken, tin",400,140,3.4,0.6
,,,,,,,,,"Rice, Basmati micro",250,168,30.5,1.4
,,,,,,,,,Tomato,200,20,3.1,1
,,,,,,,250,,"Orange Juice, diluted",1,32,6.9,0
,,,,,,,2,,"Coffee, milk",88,37,5.2,0
,,,,,,,,,"Half sugar, flat teaspoon",6,400,99.9,0
,,,,,,,,,"Sugar, teaspoons",5,400,99.9,0
,,,,,,,,,Hot chocolate,215,56,9.5,0.4
,,,,,,,,3,Onion,240,34.8,7.8,1.5
,,,,,,,,3,"Pepper, red",115,32,7.6,1.4
,,,,,,,,3,Chorizo,75,338,1.1,0
,,,,,,,0.33,3,Green beans,150,32,3.1,3.4
,,,,,,,2,3,"Rice, Basmati micro",250,168,30.5,1.4
,,,,,,,,3,"Chopped tomatoes, tin",400,24,3.5,0.9
,,,,,,,,3,Cod loin fillets,125,98,0.2,0.2
,,,,,,,,3,Trout fillets,240,203,0.1,0.1
,,,,,,,,3,Prawns,165,108,0.2,0
15/01/20,,,,,,,2,,"Coffee, milk",88,37,5.2,0
,,,,,,,2,,"Half sugar, flat teaspoon",6,400,99.9,0
,,,,,,,500,,"Orange Juice, diluted",1,32,6.9,0
,,,,,,,6,,Ryvita Thins,6.5,401,70.8,5.2
,,,,,,,,,"Philadelphia Lite, mini",35,150,5.2,0.4
,,,,,,,55,,Smoked salmon slices,1,204,1.1,0
,,,,,,,50,,Chavroux goat's cheese,1,336,1,0
,,,,,,,9,,Dates,19,279,64.5,6.7
,,,,,,,,3,Onion,240,34.8,7.8,1.5
,,,,,,,,3,"Pepper, yellow",115,32,7.6,1.4
,,,,,,,,3,Chicken fillet,640,137,0.2,0
,,,,,,,2,3,"Tikka Masala, jar",350,147,11.2,0.7
,,,,,,,,,"Rice, Basmati micro",250,168,30.5,1.4
,,,,,,,,,Breyers ice cream,1,128,20,0
16/01/20,,,,,,,3,4,Carrots,100,41,9.6,2.8
,,,,,,,,4,Onion,240,34.8,7.8,1.5
,,,,,,,,4,Beef mince,500,168,0.1,0
,,,,,,,,4,"Sweetcorn, tin",165,77,11.8,2.5
,,,,,,,,4,Beef gravy pot,28,190,33,1.5
,,,,,,,150,4,Peas,1,85,10.8,5.6
,,,,,,,,4,"Garlic, clove",3,133,33.1,2.1
,,,,,,,,,"Beans, broccoli, sweetcorn",240,27,3.1,3.1
,,,,,,,800,4,Mashed potatoes,1,103,15,1
,,,,,,,,,Carrots,50,41,9.6,2.8
,,,,,,,,2,Baked beans,415,66,9.5,3.6
,,,,,,,50,,Cheddar,1,416,0.2,0
,,,,,,,57,,"Sliced bread, white",1,256,44,3.5
,,,,,,,2,,"Coffee, milk",88,37,5.2,0
,,,,,,,2,,"Half sugar, flat teaspoon",6,400,99.9,0
,,,,,,,2,,Porridge,27,370,59,9
,,,,,,,2,,Alpro Almond milk,150,13,0,0.4
,,,,,,,250,,"Orange Juice, diluted",1,32,6.9,0
,,,,,,,3,4,Lurpak,10,516,0.4,0
,,,,,,,,,"Pear, ripe and ready",100,43,10.9,1.6
18/01/20,,,,,,,3,,"Bread, wholemeal, slice",38,256,46.4,3.7
,,,,,,,3,,Ham,34.5,110,1.7,0
,,,,,,,3,,Lurpak,5,516,0.4,0
,,,,,,,,,"Coffee, milk",88,37,5.2,0
,,,,,,,,,"Half sugar, flat teaspoon",6,400,99.9,0
25/01/20,,,,,,,360,3,"Pasta, dry",1,354,73,2.7
,,,,,,,,4.3,Beef mince,500,168,0.1,0
,,,,,,,,4.3,Onion,240,34.8,7.8,1.5
,,,,,,,,4.3,Pepper,115,32,7.6,1.4
,,,,,,,3,4.3,Bacon rashers,26,229.2,0,0
,,,,,,,,,Waitrose ham and cheese s/wich,175,236,22,1.8
,,,,,,,,,Kettle chips,35,513,56.8,4.2
,,,,,,,,,Aqua Libra,250,1,0,0
,,,,,,,250,,"Orange Juice, diluted",1,32,6.9,0
,,,,,,,35,,Cheddar,1,416,0.2,0
,,,,,,,2,,"Coffee, milk",88,37,5.2,0
,,,,,,,,,"Half sugar, flat teaspoon",3,400,99.9,0
,,,,,,,,,"Sugar, teaspoons",5,400,99.9,0
29/01/20,,,,,,,,,"Coffee, milk",88,37,5.2,0
,,,,,,,,,"Half sugar, flat teaspoon",3,400,99.9,0
,,,,,,,0.5,,Aqua Libra,250,1,0,0
,,,,,,,250,,"Orange Juice, diluted",1,32,6.9,0
,,,,,,,,4,Onion,240,34.8,7.8,1.5
,,,,,,,2,4,"Pepper, red",115,32,7.6,1.4
,,,,,,,80,4,Green beans,1,32,3.1,3.4
,,,,,,,,4,"Garlic, very lazy, tsp",3,109,21,4.9
,,,,,,,,4,Chorizo,75,338,1.1,0
,,,,,,,2,4,"Chopped tomatoes, tin",400,24,3.5,0.9
,,,,,,,,4,Trout fillets,240,203,0.1,0.1
,,,,,,,,4,Cod loin fillets,250,98,0.2,0.2
,,,,,,,,4,Prawns,165,108,0.2,0
,,,,,,,3,4,"Rice, Basmati micro",250,168,30.5,1.4
,,,,,,,190,,Breyers ice cream,1,128,20,0
,,,,,,,150,,Berries,1,33,6.1,0
02/02/20,,,,,,,2,3,Carrots,100,41,9.6,2.8
,,,,,,,,3,Onion,240,34.8,7.8,1.5
,,,,,,,,3,Beef mince,500,168,0.1,0
,,,,,,,,3,"Sweetcorn, tin",165,77,11.8,2.5
,,,,,,,,3,Beef gravy pot,28,190,33,1.5
,,,,,,,,3,Peas,1,85,10.8,5.6
,,,,,,,900,3,Frozen mash,1,103,15,1
,,,,,,,,2,"Beans, broccoli, sweetcorn",240,27,3.1,3.1
,,,,,,,7,,"Bread, 50/50",39,234,41.9,4.7
,,,,,,,,,Chicken paste,73,170,0.1,2.9
,,,,,,,,,Apple,100,57,11.6,0
,,,,,,,,,"Pear, ripe and ready",100,43,10.9,1.6
,,,,,,,2,,Easy peeler,75,43,9.1,0
,,,,,,,40,,Lurpak,1,516,0.4,0
,,,,,,,250,,"Orange Juice, diluted",1,32,6.9,0
03/02/20,,,,,,,3,,"Eggs, scrambled",50,143,0.7,0
,,,,,,,2,,"Toast, slice",39,234,41.9,4.7
,,,,,,,,,"Coffee, milk",88,37,5.2,0
,,,,,,,,,"Half sugar, flat teaspoon",3,400,99.9,0
,,,,,,,250,,"Orange Juice, diluted",1,42,8.6,0
,,,,,,,,,Coffee,88,37,5.2,0
,,,,,,,,,Capuccino,88,50,8,0
,,,,,,,15,,"Sugar, teaspoons",1,400,99.9,0
13/02/20,,,,,,,,,"Coffee, milk",88,37,5.2,0
,,,,,,,,,"Half sugar, flat teaspoon",3,400,99.9,0
,,,,,,,500,,"Orange Juice, diluted",1,32,6.9,0
,,,,,,,40,,Cheddar,1,416,0.2,0
,,,,,,,4,,"Bread, 50/50",39,234,41.9,4.7
,,,,,,,10,,Lurpak,1,516,0.4,0
,,,,,,,,3,Onion,240,34.8,7.8,1.5
,,,,,,,,3,"Pepper, yellow",115,32,7.6,1.4
,,,,,,,75,3,Green beans,1,32,3.1,3.4
,,,,,,,,3,Carrots,100,41,9.6,2.8
,,,,,,,2,3,Potato,200,76,16,1.8
,,,,,,,,3,Chicken breast fillets,640,137,0.2,0
,,,,,,,,3,"Tikka Masala, jar",350,147,11.2,0.7
,,,,,,,,3,Coconut Cream,250,219,4.5,0.2
,,,,,,,0.67,,"Rice, Basmati micro",250,168,30.5,1.4
24/02/20,,,,,,,2,,Porridge,27,370,59,9
,,,,,,,2,,Alpro Almond milk,150,13,0,0.4
,,,,,,,50,,Strawberries,1,33,6.1,0
,,,,,,,27,,Mixed nuts,1,651,5.4,8.3
,,,,,,,7,,Dried cranberries,1,328,76.7,5.3
,,,,,,,,,"Orange squash, sugar free",1,3,0,0
,,,,,,,2,,"Bread, white",30,234,41.9,4.7
,,,,,,,30,,"Cheddar, grated",1,416,0.2,0
,,,,,,,0.5,,"Tomato, small",80,20,3.1,1
,,,,,,,,,Meringue nest,96,50,11.7,0
,,,,,,,,3,"Peaches, tinned in juice",411,48,11.2,0.9
,,,,,,,75,,M&S low fat dessert,1,128,20,0
,,,,,,,,2,"Baked beans, tin",415,66,9.5,3.6
,,,,,,,60,,Coleslaw,1,181,5.4,1.5
,,,,,,,,,Ginsters cornish pasty,200,269,21.6,2.2
,,,,,,,0.5,,"Tomato, beef",200,20,3.1,1
,,,,,,,,,Apple,100,57,11.6,0
,,,,,,,,,"Pear, ripe and ready",100,43,10.9,1.6
,,,,,,,2,,"Coffee, milk",88,37,5.2,0
,,,,,,,4,,"Sugar, teaspoons",3,400,99.9,0
25/02/20,,,,,,,3,,"Vimto, 3.5 fl.oz",1,2,0,0
,,,,,,,2,,"Coffee, milk",88,37,5.2,0
,,,,,,,2,,"Half sugar, flat teaspoon",3,400,99.9,0
,,,,,,,80,,Oat flakes,1,405,67,2.4
,,,,,,,80,,Raspberries,1,31,4.4,0
,,,,,,,180,,Alpro Almond milk,1,13,0,0.4
,,,,,,,,2,"Baked beans, tin",415,66,9.5,3.6
,,,,,,,60,,Coleslaw,1,181,5.4,1.5
,,,,,,,,,Ginsters cornish pasty,200,269,21.6,2.2
,,,,,,,0.5,,"Tomato, beef",200,20,3.1,1
,,,,,,,110,,"Pasta wholemeal, dry",1,348,75,0
,,,,,,,,3.7,Beef mince,500,168,0.1,0
,,,,,,,,3.7,Onion,240,34.8,7.8,1.5
,,,,,,,,3.7,"Pepper, red",115,32,7.6,1.4
,,,,,,,,3.7,Celery,1,16,3,1.6
,,,,,,,,3.7,Green beans,1,32,3.1,3.4
,,,,,,,4,3.7,Bacon rashers,26,229.2,0,0
,,,,,,,,3.7,"Chopped tomatoes, tin",400,24,3.5,0.9
26/02/20,,,,,,,92,,"Bread, wholemeal, nuts and seeds",1,269,37.1,6.4
,,,,,,,20,,Lurpak,1,516,0.4,0
,,,,,,,2,,"Ham, slice",34.5,110,1.7,0
,,,,,,,2,,"Coffee, milk",88,37,5.2,0
,,,,,,,2,,"Half sugar, flat teaspoon",3,400,99.9,0
,,,,,,,,,"Orange Juice, fresh",500,43,9.5,0
,,,,,,,,2,"Edamame Bean Salad, no dressing",180,105,6.5,10.4
,,,,,,,,,"Tuna Nicoise salad, no dressing",260,16,4,1.3
,,,,,,,,1.5,"Toad In The Hole, (RYP)",350,295,23,4.4
,,,,,,,,2,"Vegetables, frozen pouch",135,30,3.3,2.2
,,,,,,,,2.5,Peas,191,85,10.8,5.6
,,,,,,,157,,Carrots,1,41,9.6,2.8
27/02/20,,,,,,,50,,Banana,1,103,23.2,1.1
,,,,,,,,2,"Edamame Bean Salad, no dressing",180,105,6.5,10.4
,,,,,,,,,Crunchy salad,160,27,3.7,0.9
,,,,,,,,,"Eggs, boiled",115,145,4.4,0
,,,,,,,1,,"Coffee, milk",88,37,5.2,0
,,,,,,,1,,"Half sugar, flat teaspoon",3,400,99.9,0
,,,,,,,,3,Chicken breast fillets,640,137,0.2,0
,,,,,,,,3,Onion,240,34.8,7.8,1.5
,,,,,,,250,3,Carrots,1,41,9.6,2.8
,,,,,,,100,3,Green beans,1,32,3.1,3.4
,,,,,,,,3,Chickpeas,240,122,16.5,6.1
,,,,,,,,3,Coconut Cream,250,219,4.5,0.2
,,,,,,,,1.5,"Rice, Basmati micro",250,168,30.5,1.4
02/09/20,,,,,,,78,,"Bread, wholemeal, nuts and seeds",1,269,37.1,6.4
,,,,,,,35,,Lurpak,1,516,0.4,0
,,,,,,,40,,Marmalade (Sandys),1,264,64.6,
,,,,,,,1.5,,"Coffee, milk, sugar",100,42.6,7.6,
,,,,,,,12.86,,Ryvita Thins,7,401,70.8,5.2
,,,,,,,2,,"Philadelphia Lite, mini",35,150,5.2,0.4
,,,,,,,100,,Smoked salmon slices,1,204,1.1,0
,,,,,,,100,,"Goats cheese, french",1,291,1,
,,,,,,,1,,"Pear, ripe and ready",100,43,10.9,1.6
,,,,,,,,3.8,Beef mince,500,168,0.1,0
,,,,,,,40,3.8,Frozen mash,14,103,15,1
,,,,,,,30,3.8,Butter,1,516,0.4,0
,,,,,,,,2,"Halo Top, salted caramel",473,68,14,
03/09/20,,,,,,,2,,Hot cross bun TTD,70,274,50.4,
,,,,,,,1,,"Coffee, milk, sugar",100,42.6,7.6,
,,,,,,,2,,Pancake rolls,55,154,4.3,
,,,,,,,,2,"Foo Yong, mushroom",300,115,4,
,,,,,,,,,Chilli pepper prawns,300,216,15,
,,,,,,,,,Spare ribs,300,160,4,
04/09/20,,,,,,,,2.1,Beef mince,500,168,0.1,0
,,,,,,,40,2.1,Frozen mash,14,103,15,1
,,,,,,,30,2.1,Butter,1,516,0.4,0
,,,,,,,2,,"Coffee, milk, sugar",100,42.6,7.6,
,,,,,,,60,,Banana,1,103,23.2,1.1
,,,,,,,,,Yoghurt,110,98,12.6,
,,,,,,,,,Brunch bar,32,427,65,
,,,,,,,3,,"Bread, white",40,234,41.9,4.7
,,,,,,,,,"Tomato, beef",200,20,3.1,1
,,,,,,,12,,Lurpak,1,516,0.4,0
,,,,,,,42,,Cheddar,1,416,0.2,0
05/09/20,,,,,,,56,,Banana,1,103,23.2,1.1
,,,,,,,,,Yoghurt,110,98,12.6,
,,,,,,,120,,Apple,1,57,11.6,0
,,,,,,,130,,"Pear, ripe and ready",1,43,10.9,1.6
,,,,,,,140,,"Orange, with skin",1,47,12,
,,,,,,,2,,Bacon rashers,26,229.2,0,0
,,,,,,,2,,"Eggs, fried",100,90,0.6,
,,,,,,,,2,Beans,415,66,9.5,
,,,,,,,,3,Chicken breast fillets,640,137,0.2,0
,,,,,,,,3,Chickpeas,240,122,16.5,6.1
,,,,,,,,3,Thai Curry paste,45,76,11.3,
,,,,,,,,,"Rice, Basmati micro",250,168,30.5,1.4
,,,,,,,3,,"Coffee, milk, sugar",100,42.6,7.6,
,,,,,,,100,3,Coconut Cream,1,685,14,0.2
,,,,,,,,2,"Halo Top, salted caramel",473,68,14,
06/09/20,,,,,,,,2,Tuna tin,160,113,0,
,,,,,,,4,,"Bread, white",40,234,41.9,4.7
,,,,,,,20,2,Mayo,1,264,6,
,,,,,,,15,2,Salad cream,1,331,20.8,
,,,,,,,30,,Lurpak,1,516,0.4,0
,,,,,,,,4,Sweetcorn,165,77,11.8,2.5
,,,,,,,3,,"Coffee, milk, sugar",100,42.6,7.6,
,,,,,,,,2,"Halo Top, salted caramel",473,68,14,
,,,,,,,1.5,,"Pie, chicken",212,216,20.9,
,,,,,,,150,,Chips,1,208,31,2.9
07/09/20,,,,,,,150,,Tiger bread,1,238,48.1,
,,,,,,,40,,Cheddar,1,416,0.2,0
,,,,,,,10,,Pickle,1,159,35,
,,,,,,,120,,Apple,1,57,11.6,0
,,,,,,,,,Macaroni cheese,375,156,15.9,
,,,,,,,80,,"Pasta, dry",1,354,73,2.7
,,,,,,,2,,"Coffee, milk, sugar",100,42.6,7.6,
08/09/20,,,,,,,2,,"Coffee, milk, sugar",100,42.6,7.6,
,,,,,,,12.86,,Ryvita Thins,7,401,70.8,5.2
,,,,,,,1,,"Philadelphia Lite, mini",35,150,5.2,0.4
,,,,,,,100,,Smoked salmon slices,1,204,1.1,0
,,,,,,,100,,"Goats cheese, french",1,291,1,
,,,,,,,,,"Toad In The Hole, (RYP)",350,295,23,4.4
,,,,,,,,,Yoghurt,110,98,12.6,
,,,,,,,130,,"Pear, ripe and ready",1,43,10.9,1.6
09/09/20,,,,,,,4,,"Bread, white",40,234,41.9,4.7
,,,,,,,,,Chicken paste,73,170,0.1,2.9
,,,,,,,,4,Chicken breast fillets,640,137,0.2,0
,,,,,,,,4,Potato,200,76,16,1.8
,,,,,,,150,4,Carrot ,1,41,9.6,2.8
,,,,,,,0.33,4,Coconut cream,200,685,14,0.2
,,,,,,,,4,Thai Curry paste,45,76,11.3,
,,,,,,,2,,"Coffee, milk, sugar",100,42.6,7.6,
,,,,,,,1,,Hot cross bun TTD,70,274,50.4,
,,,,,,,,,Yoghurt,110,98,12.6,
,,,,,,,130,,"Pear, ripe and ready",1,43,10.9,1.6
10/09/20,,,,,,,,,Banana,55,103,23.2,1.1
,,,,,,,4,,"Bread, white",40,234,41.9,4.7
,,,,,,,40,,Cheddar,1,416,0.2,0
,,,,,,,,2,Chickpeas,240,122,16.5,6.1
,,,,,,,,4,Chicken breast fillets,640,137,0.2,0
,,,,,,,,4,Potato,200,76,16,1.8
,,,,,,,150,4,Carrot ,1,41,9.6,2.8
,,,,,,,0.33,4,Coconut cream,200,685,14,0.2
,,,,,,,,4,Thai Curry paste,45,76,11.3,
,,,,,,,3,,"Coffee, milk, sugar",100,42.6,7.6,
,,,,,,,120,,"Orange, with skin",1,47,12,
,,,,,,,1,,After eight,8.6,431,73.9,
,,,,,,,,,"Rice, Basmati micro",250,168,30.5,1.4
11/09/20,,,,,,,,3.5,Onion,240,34.8,7.8,1.5
,,,,,,,2,3.5,"Pepper, red",115,32,7.6,1.4
,,,,,,,80,3.5,Green beans,1,32,3.1,3.4
,,,,,,,,3.5,"Garlic, very lazy, tsp",3,109,21,4.9
,,,,,,,,3.5,Chorizo,75,338,1.1,0
,,,,,,,2,3.5,"Chopped tomatoes, tin",400,24,3.5,0.9
,,,,,,,,3.5,Trout fillets,240,203,0.1,0.1
,,,,,,,,3.5,Cod loin fillets,250,98,0.2,0.2
,,,,,,,,3.5,Prawns,165,108,0.2,0
,,,,,,,2,3.5,"Rice, Basmati micro",250,168,30.5,1.4
,,,,,,,,,"Bread, white",37.5,234,41.9,4.7
,,,,,,,,,Chicken paste,73,170,0.1,2.9
,,,,,,,3,,"Coffee, milk, sugar",100,42.6,7.6,
12/09/20,,,,,,,4,,"Bread, white",37.5,234,41.9,4.7
,,,,,,,40,,Cheddar,1,416,0.2,0
,,,,,,,,,Gammon steaks,100,158,1,0.1
,,,,,,,10,2,"Flour, plain",1,335,69.9,
,,,,,,,250,2,Milk,1,37,5.2,
,,,,,,,20,2,Butter,1,516,0.4,0
,,,,,,,4,,"Pineapple, slice",54,54,12.8,
,,,,,,,224,2,Self-raising flour,1,335,69.9,3.7
,,,,,,,224,2,Sugar,1,400,99.9,0
,,,,,,,224,2,Lurpak,1,516,0.4,0
,,,,,,,2,2,Egg,59.4,143,0,0
,,,,,,,4,,"Coffee, milk, sugar",100,42.6,7.6,
13/09/20,,,,,,,3,,Bacon rashers,26,229.2,0,0
,,,,,,,2,,"Eggs, fried",60,90,0.6,
,,,,,,,,4,"Baked beans, tin",415,66,9.5,3.6
,,,,,,,1,,"Bread, white",37.5,234,41.9,4.7
,,,,,,,4,,Lurpak,1,516,0.4,0
,,,,,,,3,,"Bread, white",37.5,234,41.9,4.7
,,,,,,,12,,Lurpak,1,516,0.4,0
,,,,,,,,,"Ham, slice",34.5,110,1.7,0
,,,,,,,,,"Orange, with skin",120,47,12,
,,,,,,,,,"Pear, ripe and ready",120,43,10.9,1.6
,,,,,,,,2,Beef steaks,350,192,0.2,0.2
,,,,,,,,2,Olive oil,5,823,0,0
,,,,,,,0.67,2,Crème fraiche,300,295,3,
,,,,,,,,,"Rice, Basmati micro",250,168,30.5,1.4
27/09/20,,,,,,,3,,"Coffee, milk, sugar",100,49,8.2,
,,,,,,,40,,Cheddar,1,416,0.2,0
,,,,,,,10,,Pickle,1,159,35,
,,,,,,,4,,"Bread, white",37.5,234,41.9,4.7
,,,,,,,130,,"Pear, ripe and ready",1,43,10.9,1.6
,,,,,,,,,Yoghurt,110,98,12.6,
,,,,,,,2,3,"Toad In The Hole, (RYP)",350,295,23,4.4
,,,,,,,30,2,"Mashed potatoes, pellet",14,103,15,1
,,,,,,,,,"Orange, easy peeler",53,43,9.1,
28/09/20,,,,,,,13,,Cheddar,1,416,0.2,0
,,,,,,,5,,Pickle,1,159,35,
,,,,,,,4,,"Bread, white",37.5,234,41.9,4.7
,,,,,,,2,,"Ham, slice",34.5,110,1.7,0
,,,,,,,,,Grapes (10),30,75,17,0
,,,,,,,,,Nectarine,115,45,9,1.2
,,,,,,,,,Satsuma,50,43,9.1,
,,,,,,,1,,"Rice, Basmati micro",250,168,30.5,1.4
,,,,,,,3,,"Coffee, milk, sugar",100,49,8.2,
,,,,,,,,3,Onion,240,34.8,7.8,1.5
,,,,,,,2,3,"Pepper, red",115,32,7.6,1.4
,,,,,,,80,3,Green beans,1,32,3.1,3.4
,,,,,,,,3,"Garlic, very lazy, tsp",3,109,21,4.9
,,,,,,,,3,Chorizo,75,338,1.1,0
,,,,,,,1,3,"Chopped tomatoes, tin",400,24,3.5,0.9
,,,,,,,,3,Trout fillets,240,203,0.1,0.1
,,,,,,,,3,Prawns,165,108,0.2,0
,,,,,,,,2,"Halo Top, salted caramel",473,68,14,
29/09/20,,,,,,,,,Pizza,319.8,247,26.9,
,,,,,,,,,Garlic bread,94.8,328,47,
,,,,,,,,,"Halo Top, salted caramel",473,68,14,
,,,,,,,,,"Rice, Basmati micro",250,168,30.5,1.4
,,,,,,,,,"Chunky chicken, tin",200,140,3.4,0.6
,,,,,,,3,,"Coffee, milk, sugar",100,49,8.2,
,,,,,,,200,,Tiger bread,1,238,48.1,
,,,,,,,15,,Marmalade (Sandys),1,250,61,
,,,,,,,15,,Lurpak,1,516,0.4,0
30/09/20,,,,,,,3,,"Bread, white",37.5,234,41.9,4.7
,,,,,,,3,,"Nutella, spread thick",20,539,57.5,
,,,,,,,,,Apple,100,57,11.6,0
,,,,,,,,2,"Pear, ripe and ready",130,43,10.9,1.6
,,,,,,,,2,Nectarine,115,45,9,1.2
,,,,,,,,2,Apricot,40,45,9,
,,,,,,,,,"Orange, with skin",120,47,12,
,,,,,,,,,Yoghurt,110,98,12.6,
,,,,,,,50,,Crunchy nut,1,445,65,
,,,,,,,30,,Raspberries,1,31,4.4,0
,,,,,,,,3,Chicken breast fillets,640,137,0.2,0
,,,,,,,,3,Potatoes,150,76,16,
,,,,,,,,,"Rice, Basmati micro",250,168,30.5,1.4
,,,,,,,,,"Halo Top, salted caramel",473,68,14,
01/10/20,,,,,,,,,Apple,100,57,11.6,0
,,,,,,,,2,"Pear, ripe and ready",130,43,10.9,1.6
,,,,,,,,2,Nectarine,115,45,9,1.2
,,,,,,,,2,Apricot,40,45,9,
,,,,,,,,,"Orange, with skin",120,47,12,
,,,,,,,,,Yoghurt,110,98,12.6,
,,,,,,,50,,Crunchy nut,1,445,65,
,,,,,,,,,Macaroni cheese,375,156,15.9,
,,,,,,,85,,"Pasta, dry",1,354,73,2.7
,,,,,,,3,,"Coffee, milk, sugar",100,42.6,7.6,
02/10/20,,,,,,,,,"Rice, Basmati micro",250,168,30.5,1.4
,,,,,,,,3,Beef mince,500,168,0.1,0
,,,,,,,,3,Kidney beans,400,105,12.8,7.8
,,,,,,,12.86,,Ryvita Thins,7,401,70.8,5.2
,,,,,,,1,,"Philadelphia Lite, mini",35,150,5.2,0.4
,,,,,,,,,Smoked salmon slices,100,204,1.1,0
,,,,,,,0.67,,"Goats cheese, french",100,291,1,
,,,,,,,3,,"Coffee, milk, sugar",100,49,8.2,
03/10/20,,,,,,,4,,"Bread, 50/50, slice",40.2,234,41.9,4.7
,,,,,,,3,,"Marmalade, tsp",5,264,64.6,1.6
,,,,,,,20,,Lurpak,1,516,0.4,0
,,,,,,,2.5,,"Coffee, milk, sugar",100,49,8.2,
,,,,,,,,,"Rice, Basmati micro",250,168,30.5,1.4
,,,,,,,,3.8,Beef mince,500,168,0.1,0
,,,,,,,,3.8,Kidney beans,400,105,12.8,7.8
,,,,,,,,,Yoghurt,110,98,12.6,
,,,,,,,,,"Pear, ripe and ready",130,43,10.9,1.6
,,,,,,,1,,"Coffee, milk, sugar",100,49,8.2,
04/10/20,,,,,,,3,,"Bread, 50/50, slice",40.2,234,41.9,4.7
,,,,,,,15,,Lurpak,1,516,0.4,0
,,,,,,,2,,"Coffee, milk, sugar",100,49,8.2,
,,,,,,,3,,"Eggs, boiled",49.7,145,4.4,0
,,,,,,,,,"Pie, chicken & mushroom",150,222,21.7,
,,,,,,,150,,Oven chips,1,208,31,
,,,,,,,,,"Chicken fillet, breaded",90,263,21,
05/10/20,,,,,,,3,,Tiger bread,40.2,234,41.9,
,,,,,,,3,,"Marmalade, tsp",5,264,64.6,1.6
,,,,,,,10,,Lurpak,1,516,0.4,0
,,,,,,,2,,"Bread, 50/50, slice",40.2,234,41.9,4.7
,,,,,,,2,,"Ham, slice",34.5,110,1.7,0
,,,,,,,,,Pombears,15,598,64,
,,,,,,,,,Grapes (10),30,75,17,0
,,,,,,,75,,Strawberries,1,33,6.1,0
,,,,,,,,,Meringue nest,96,50,11.7,0
,,,,,,,75,,M&S low fat dessert,1,128,20,0
,,,,,,,3,,"Yorkshire pudding, small",18.3,248,41,2.8
,,,,,,,30,,"Stuffing, sage & onion",1,119,22.3,1.7
,,,,,,,3,3,Carrots,100,41,9.6,2.8
,,,,,,,,3,Onion,240,34.8,7.8,1.5
,,,,,,,2,3,"Pepper, red",115,32,7.6,1.4
,,,,,,,,3,"chicken, roast",525,160,0.2,
,,,,,,,0.5,,"Halo Top, salted caramel",473,68,14,
,,,,,,,3,,"Coffee, milk, sugar",100,49,8.2,
07/10/20,,,,,,,35,,Oatibix flakes,1,395,64,
,,,,,,,,2,Apple,100,57,11.6,0
,,,,,,,,2,"Pear, ripe and ready",130,43,10.9,1.6
,,,,,,,,2,Nectarine,115,45,9,1.2
,,,,,,,,2,Banana,55,103,23.2,1.1
,,,,,,,,,Yoghurt,110,98,12.6,
,,,,,,,,,Macaroni cheese,375,156,15.9,
,,,,,,,100,,"Pasta, dry",1,354,73,2.7
,,,,,,,0.5,,"Halo Top, salted caramel",473,68,14,
,,,,,,,,,Pitta bread,56,241,42.3,
08/10/20,,,,,,,2,,"Bread, wholemeal, nuts and seeds",40,269,37.1,6.4
,,,,,,,2,,"Eggs, fried",60,90,0.6,
,,,,,,,,2,"Baked beans, tin",415,66,9.5,3.6
,,,,,,,3,,"Coffee, milk, sugar",100,49,8.2,
,,,,,,,340,3,"Pasta, dry",1,354,73,2.7
,,,,,,,,3,Beef mince,500,168,0.1,0
,,,,,,,,3,Onion,240,34.8,7.8,1.5
,,,,,,,2,3,"Pepper, red",115,32,7.6,1.4
,,,,,,,100,3,Green beans,1,32,3.1,3.4
,,,,,,,,3,"Chopped tomatoes, tin",400,24,3.5,0.9
,,,,,,,,,Yoghurt,110,98,12.6,
,,,,,,,,,"Pear, ripe and ready",130,43,10.9,1.6
09/10/20,,,,,,,,2,Apple,100,57,11.6,0
,,,,,,,,2,"Pear, ripe and ready",130,43,10.9,1.6
,,,,,,,,2,Nectarine,115,45,9,1.2
,,,,,,,,2,Banana,55,103,23.2,1.1
,,,,,,,2,,"Coffee, milk, sugar",100,49,8.2,
,,,,,,,,,Prawns,165,108,0.2,0
,,,,,,,,,Avocado,140,198,1.9,3.4
,,,,,,,,,"Toad in The Hole, (RYP)",350,295,23,
,,,,,,,0.25,,"Carrot cake, slice",372,379,54,
,,,,,,,,,Shortbread biscuit,100,100,11,
10/10/20,,,,,,,10,,Lurpak,1,516,0.4,0
,,,,,,,2,,"Bread, 50/50, slice",40.2,234,41.9,4.7
,,,,,,,2,,"Ham, slice",34.5,110,1.7,0
,,,,,,,15,,Cheddar,1,416,0.2,0
,,,,,,,2,,"Coffee, milk, sugar",100,49,8.2,
,,,,,,,,1.3,Tortelloni,300,181,24.8,
,,,,,,,,2.7,"Pesto, green",190,312,8.4,
,,,,,,,2,,Pancake rolls,55,154,4.3,
,,,,,,,,,Spare ribs,300,160,4,
,,,,,,,,,Chilli pepper prawns,300,216,15,
11/10/20,,,,,,,,,"Banana, small",45,103,23.2,1.1
,,,,,,,3,,"Eggs, omelette",49.7,145,4.4,
,,,,,,,,,Mushroom,19,16,0.1,
,,,,,,,150,,Cottage cheese,1,75,6.4,0.1
,,,,,,,60,,Coleslaw,1,181,5.4,1.5
,,,,,,,2,,"Coffee, milk, sugar",100,49,8.2,
,,,,,,,50,,Lettuce,1,14,1.3,1.3
,,,,,,,,2,"Baked beans, tin",415,66,9.5,3.6
,,,,,,,1.3,,Gammon steak,200,158,1,0.6
,,,,,,,300,,New potatoes,1,81,17.5,1.6
,,,,,,,80,,Parsley sauce,1,73,9.9,0.2
,,,,,,,,,"Pineapple, slice",54,54,12.8,
,,,,,,,,,Yoghurt,110,98,12.6,
,,,,,,,,,"Pear, ripe and ready",130,43,10.9,1.6
12/10/20,,,,,,,2,,"Coffee, milk, sugar",100,49,8.2,
,,,,,,,2,,"Ham, slice",34.5,110,1.7,0
,,,,,,,,3,M&S pasta salad,380,179,16.1,
,,,,,,,,4,M&S part-bake baguette,100,420,87.2,
,,,,,,,,,M&S meringue nest,12,388,91,
,,,,,,,,3,Strawberries,400,30,6,0
,,,,,,,500,,Home made salad,1,50,3.2,
,,,,,,,2,,"Ham, slice",34.5,110,1.7,0
,,,,,,,0.5,,"Halo Top, salted caramel",473,68,14,
13/10/20,,,,,,,90,,"Goats cheese, french",1,291,1,
,,,,,,,2,,"Ham, slice",34.5,110,1.7,0
,,,,,,,3,,"Eggs, omelette",49.7,145,4.4,
,,,,,,,14,,Butter,1,516,0.4,0
,,,,,,,1,,"Coffee, milk, sugar",100,49,8.2,
,,,,,,,,,"Cappucino, syrup no sugar",268,41,4.9,
,,,,,,,,3,Cod loin fillets,250,98,0.2,0.2
,,,,,,,,3,Trout fillets,240,203,0.1,0.1
,,,,,,,,3,"Prawns, frozen",225,108,0.1,
,,,,,,,47,3,Butter,1,516,0.4,0
,,,,,,,400,3,Peas,1,85,10.8,5.6
,,,,,,,65,3,"Flour, plain",1,335,69.9,
,,,,,,,40,3,"Mashed potatoes, pellet",14,103,15,1
,,,,,,,0.5,,"Halo Top, salted caramel",473,68,14,
14/10/20,,,,,,,2,,"Coffee, milk, sugar",100,49,8.2,
,,,,,,,,,Prawns,165,108,0.2,0
,,,,,,,,,Avocado,140,198,1.9,3.4
,,,,,,,,,Pitta bread,56,241,42.3,
,,,,,,,1.5,3,"Potato, large",320,107,22.6,
,,,,,,,,3,Chicken breast fillets,640,137,0.2,0
,,,,,,,0.5,,"Naan bread, pack of 2",260,316,46.6,
,,,,,,,,3,Onion,240,34.8,7.8,1.5
,,,,,,,0.5,,"Halo Top, peanut butter",473,80,14,
15/10/20,,,,,,,,,"Banana, small",50,103,23.2,1.1
,,,,,,,1,,"Eggs, omelette",49.7,145,4.4,
,,,,,,,5,,Butter,1,516,0.4,0
,,,,,,,1,,"Bread, granary",38,256,46.4,3.7
,,,,,,,,2,"Baked beans, tin",415,78,12.5,3.6
,,,,,,,0.42,,Cottage cheese,300,75,6.4,0.1
,,,,,,,1,,"Coffee, milk, sugar",100,49,8.2,
,,,,,,,1.5,,Pitta bread,56,241,42.3,
,,,,,,,,3,Beef mince,500,168,0.1,0
,,,,,,,,3,Onion,240,34.8,7.8,1.5
,,,,,,,2,3,"Pepper, red",115,32,7.6,1.4
,,,,,,,100,3,Green beans,1,32,3.1,3.4
,,,,,,,,3,"Chopped tomatoes, tin",400,24,3.5,0.9
,,,,,,,,,"Apples, braeburn",120,57,11.6,0
,,,,,,,,,"Pear, ripe and ready",130,43,10.9,1.6
16/10/20,,,,,,,2,,"Bread, granary",38,256,46.4,3.7
,,,,,,,150,,Tuna,1,113,0,0
,,,,,,,,,"Sausage roll, large",100,370,25,
,,,,,,,2,,"Coffee, milk, sugar",100,49,8.2,
,,,,,,,,,"Pie, chicken & mushroom",226,210.2,15.7,
,,,,,,,,,"Chips, regular",311,236,28,
,,,,,,,,,Curry sauce,198,31.3,1.4,
17/10/20,,,,,,,2,,"Coffee, milk, sugar",100,49,8.2,
,,,,,,,80,,Rye bread,1,251,51,
,,,,,,,,,"Avocado, small",70,198,1.9,
,,,,,,,,2,"Tomato, beef",200,20,3.1,1
,,,,,,,,,Macaroni cheese,375,156,15.9,
,,,,,,,102,,Lettuce iceberg,1,14,1.3,1.3
,,,,,,,76,,"Tomato, small",1,16,2.9,1
,,,,,,,134,,White cabbage,1,25,6,2.5
,,,,,,,,,"Olive oil, tsp",5,823,0,0
18/10/20,,,,,,,,,Porridge,27,370,59,9
,,,,,,,98,,Coop Berry Medley,1,56,12,
,,,,,,,50,,Rye bread,1,251,51,
,,,,,,,,,"Big soup, chicken & veg",400,50,7.4,
,,,,,,,,3,Onion,240,34.8,7.8,1.5
,,,,,,,100,1,Parsnip,1,72,11.4,
,,,,,,,70,1,Carrots,1,41,9.6,2.8
,,,,,,,,3,Beef joint,300,178,0.1,
,,,,,,,3,,"Yorkshire pudding, small",18.3,248,41,2.8
,,,,,,,5,3,"Olive oil, tsp",5,823,0,0
,,,,,,,,,"Pear, ripe and ready",130,43,10.9,1.6
19/10/20,,,,,,,4,,"Bread, granary",38,256,46.4,3.7
,,,,,,,1,,"Ham, slice",34.5,110,1.7,0
,,,,,,,1,,"Chicken, slice",34.5,110,1.7,0.1
,,,,,,,1,,"Bacon, rasher",26,229.2,0,
,,,,,,,50,,Butter,1,516,0.4,0
,,,,,,,,,Pombears,15,598,64,
,,,,,,,10,,Grapes,3,75,17,0.7
,,,,,,,3,,"Coffee, milk, sugar",100,49,8.2,
,,,,,,,,3,Beef mince,500,168,0.1,0
,,,,,,,,3,Onion,240,34.8,7.8,1.5
,,,,,,,1,3,"Pepper, red",115,32,7.6,1.4
,,,,,,,100,3,Green beans,1,32,3.1,3.4
,,,,,,,,3,"Chopped tomatoes, tin",400,24,3.5,0.9
,,,,,,,3,3,"Bacon, rasher",26,229.2,0,
,,,,,,,0.25,,"Rice, Basmati micro",250,168,30.5,1.4
20/10/20,,,,,,,3,,"Eggs, omelette",49.7,145,4.4,
,,,,,,,2,,"Bacon, rasher",26,229.2,0,
,,,,,,,,,"Tomato, beef",200,20,3.1,1
,,,,,,,40,,Cheddar,1,416,0.2,0
,,,,,,,2,,"Coffee, milk, sugar",100,49,8.2,
,,,,,,,,,Fruit/veg juice,250,40,8.5,
,,,,,,,,,Quinoa nib bar,100,300,10.8,
,,,,,,,,,Plum,60,50,12.5,
,,,,,,,,,Macaroni cheese,375,156,15.9,
,,,,,,,,,Goat's cheese/beetroot salad,135,106,4.5,
,,,,,,,50,,"Goats cheese, french",1,291,1,
21/10/20,,,,,,,,,"Banana, small",50,103,23.2,1.1
,,,,,,,,,Plum,60,50,12.5,
,,,,,,,,2,"Apples, braeburn",120,57,11.6,0
,,,,,,,90,,Raspberries,1,31,4.4,0
,,,,,,,,,Porridge,18,370,59,9
,,,,,,,160,,"Milk, skimmed",1,37,5.2,0
,,,,,,,,,"Soup, carrot/coriander",600,29,2.8,
,,,,,,,73,,Rye/buckwheat bread,1,251,51,
,,,,,,,4,3,Steaks,87.5,192,0.2,0.2
,,,,,,,,3,Onion,240,34.8,7.8,1.5
,,,,,,,3,3,"Mushroom, large",75,16,0.1,1.1
,,,,,,,,3,Olive oil,1,823,0,0
,,,,,,,100,3,Green beans,1,32,3.1,3.4
,,,,,,,0.5,,"Rice, Basmati micro",250,168,30.5,1.4
,,,,,,,0.5,,Cauliflower rice,300,32,2,
22/10/20,,,,,,,78,,Rye/buckwheat bread,1,251,51,
,,,,,,,50,,Cheddar,1,416,0.2,0
,,,,,,,2,,"Ham, slice",34.5,110,1.7,0
,,,,,,,,,Waitrose beetroot/goats cheese salad,240,135,16.2,
,,,,,,,0.5,,"Lettuce, gem",150,14,1.3,
,,,,,,,50,,Cucumber,1,15,3.6,0.5
,,,,,,,2,3,"Toad in The Hole, (RYP)",350,295,23,
,,,,,,,2,3,Leeks,166.7,27,2.8,
,,,,,,,100,3,Cabbage,1,32,3.9,
,,,,,,,2,3,Pak choi,100,22,1.9,
,,,,,,,20,2,Gravy granules,1,396,62.6,2.1
23/10/20,,,,,,,,,"Banana, small",50,103,23.2,1.1
,,,,,,,,,Plum,60,50,12.5,
,,,,,,,,,"Pear, ripe and ready",130,43,10.9,1.6
,,,,,,,,,Prawns,165,108,0.2,0
,,,,,,,,,"Avocado, large",140,198,1.9,
,,,,,,,,2,Smoked salmon slices,100,204,1.1,0
,,,,,,,15,,Mayonnaise,1,264,6,
,,,,,,,,,Waitrose Salmon/grains salad,220,123,11.2,
,,,,,,,0.8,,"Spare ribs, dry",300,286,0,
,,,,,,,5,,Duck pancakes,44,261.4,22.5,
,,,,,,,,4,Broccoli + garlic stir fry,100,82,12,
,,,,,,,3,,"Coffee, milk, sugar",100,49,8.2,
24/10/20,,,,,,,3,4,Broccoli + garlic stir fry,100,82,12,
,,,,,,,2,,"Ham, slice",34.5,110,1.7,0
,,,,,,,90,,"Goats cheese, french",1,291,1,
,,,,,,,102,,Lettuce iceberg,1,14,1.3,1.3
,,,,,,,80,,"Tomato, small",1,16,2.9,1
,,,,,,,,3,Cottage cheese,300,75,6.4,0.1
,,,,,,,,3,Chicken breast fillets,640,137,0.2,0
,,,,,,,0.67,3,Coconut cream,200,685,14,0.2
,,,,,,,,3,Tinned tomatoes,400,24,3.5,
,,,,,,,,3,Onion,240,34.8,7.8,1.5
,,,,,,,,2,"Naan bread, pack of 2",260,289,49.5,
,,,,,,,,3,"Halo Top, peanut butter",473,80,14,
,,,,,,,2,,"Coffee, milk, sugar",100,49,8.2,
,,,,,,,,,"Wine, rose",1,416,0.2,
25/10/20,,,,,,,,,"Ham, slice",34.5,110,1.7,0
,,,,,,,70,,Rye/buckwheat bread,1,251,51,
,,,,,,,1,,"Coffee, milk, sugar",100,49,8.2,
,,,,,,,25,,Cheddar,1,416,0.2,0
,,,,,,,,8,Potatoes,1200,76,16,
,,,,,,,,4,Roast beef,945,128,0,
,,,,,,,2,3,Parsnip,100,72,11.4,
,,,,,,,2,,"Yorkshire pudding, small",18.3,248,41,2.8
,,,,,,,1,4,Leeks,166.7,27,2.8,
,,,,,,,400,4,Cabbage,1,32,3.9,
,,,,,,,30,3,Gravy granules,1,396,62.6,2.1
,,,,,,,10,4,Carrots,50,41,9.6,2.8
,,,,,,,,,Chicken/vegetable broth,600,36,2.7,
,,,,,,,,,Pitta bread,56,241,42.3,
26/10/20,,,,,,,,,Sandwich,160,190,22.6,
,,,,,,,,,Crisps,35,525.7,50,
,,,,,,,4,,"Coffee, milk, sugar",100,49,8.2,
,,,,,,,,,Burger,100,430,50,
,,,,,,,,,Chips,190,434,60,2.9
,,,,,,,,2,Cheesecake,226,451,45.4,
,,,,,,,,3,Tangfastics,160,346,80,
27/10/20,,,,,,,,2,Cheesecake,226,451,45.4,
,,,,,,,1,,"Coffee, milk, sugar",100,49,8.2,
,,,,,,,,,Goat's cheese/beetroot salad,135,106,4.5,
,,,,,,,,2,Cod loin fillets,250,98,0.2,0.2
,,,,,,,,2,Trout fillets,240,203,0.1,0.1
,,,,,,,180,2,Cabbage,1,32,3.9,
,,,,,,,109,2,Pak choi,1,22,1.9,
,,,,,,,180,2,Peas,1,85,10.8,5.6
,,,,,,,225,,New potatoes,1,81,17.5,1.6
,,,,,,,10,,Lurpak,1,516,0.4,0
,,,,,,,0.5,,"Halo Top, peanut butter",473,80,14,
28/10/20,,,,,,,,,Porridge,18,370,59,9
,,,,,,,42,,"Apples, braeburn",1,57,11.6,0
,,,,,,,84,,Raspberries,1,31,4.4,0
,,,,,,,,2,Bacon + egg sandwich,100,398,35,
,,,,,,,,2,Egg sandwich,100,438,41,
,,,,,,,0.4,,Max paprika crisps,50,529,51.2,
,,,,,,,,,Belgian bun,100,345,61.4,
,,,,,,,1,,"Coffee, milk, sugar",100,49,8.2,
,,,,,,,2,,"Coffee, milk, sugar (2)",100,49,12,
,,,,,,,,3,Mince,500,168,0.1,0
,,,,,,,,3,Pepper,150,32,7.6,1.4
,,,,,,,,3,Onion,250,34.8,7.8,1.5
,,,,,,,,3,"Chopped tomatoes, carton",400,20,3,0.9
,,,,,,,,3,"Red kidney beans, small tin",120,105,12.8,
,,,,,,,,3,"Garlic, very lazy, tsp",5,76,11.3,4.9
,,,,,,,20,3,Olive oil,1,823,0,0
,,,,,,,,3,Cauliflower rice,300,32,2,
29/10/20,,,,,,,100,,Rye/buckwheat bread,1,251,51,
,,,,,,,3,,"Ham, slice",34.5,110,1.7,0
,,,,,,,40,,Cheddar,1,416,0.2,0
,,,,,,,1,,"Coffee, milk, sugar",100,49,8.2,
,,,,,,,1,,"Coffee, milk, sugar (2)",100,49,12,
,,,,,,,1,,Tassimo hot chocolate,215,56,9.5,
,,,,,,,0.5,,M&S part-bake baguette,100,420,87.2,
,,,,,,,,3,M&S Pasta chicken sweetcorn bacon,380,179,16.1,
,,,,,,,10,,Grapes,3,75,17,0.7
,,,,,,,,3,"Peaches, tinned in juice",411,48,11.2,0.9
,,,,,,,50,,M&S low fat dessert,1,128,20,0
,,,,,,,,3,Mince,500,168,0.1,0
,,,,,,,,3,Pepper,150,32,7.6,1.4
,,,,,,,,3,Onion,250,34.8,7.8,1.5
,,,,,,,,3,"Chopped tomatoes, carton",400,20,3,0.9
,,,,,,,,3,"Red kidney beans, small tin",120,105,12.8,
,,,,,,,,3,"Garlic, very lazy, tsp",5,76,11.3,4.9
,,,,,,,20,3,Olive oil,1,823,0,0
,,,,,,,,3,Cauliflower rice,300,32,2,
30/10/20,,,,,,,,,Baby gem lettuce,150,14,1.3,
,,,,,,,110,,Cucumber,1,15,3.6,0.5
,,,,,,,50,,Celery,1,16,3,1.6
,,,,,,,,,Prawns,165,108,0.2,0
,,,,,,,0.5,,"Avocado, large",140,198,1.9,
,,,,,,,0.5,,Smoked salmon slices,100,204,1.1,0
,,,,,,,153,3,Carrots,1,41,9.6,2.8
,,,,,,,165,3,Parsnip,1,72,11.4,
,,,,,,,125,3,Leeks,1,27,2.8,
,,,,,,,47,3,Celery,1,16,3,1.6
,,,,,,,,3,Onion,250,34.8,7.8,1.5
,,,,,,,286,3,Potatoes,1,81,17.5,
,,,,,,,,3,Chicken breast fillets,640,137,0.2,0
,,,,,,,,3,Gravy pot,28,190,33,
,,,,,,,75,3,Suet,1,816,10.7,
,,,,,,,150,3,"Flour, S/R",1,335,69.9,
,,,,,,,20,3,Gravy granules,1,396,62.6,2.1
,,,,,,,0.75,,"Halo Top, peanut butter",473,80,14,
31/10/20,,,,,,,,,Porridge,38.5,370,59,9
,,,,,,,64,,"Pear, ripe and ready",1,57,11.6,1.6
,,,,,,,44,,Raspberries,1,31,4.4,0
,,,,,,,,2,Giant couscous/feta salad,220,169,21.1,
,,,,,,,,,Baby gem lettuce,150,14,1.3,
,,,,,,,110,,Cucumber,1,15,3.6,0.5
,,,,,,,50,,Celery,1,16,3,1.6
,,,,,,,,2,"Tomato, beef",200,20,3.1,1
,,,,,,,2,,"Ham, slice",34.5,110,1.7,0
,,,,,,,,3,Cottage cheese,300,75,6.4,0.1
,,,,,,,,,Macaroni cheese,375,156,15.9,
,,,,,,,1,,"Coffee, milk, sugar",100,49,8.2,
,,,,,,,,,Tassimo caramel latte,310,26,2.3,
,,,,,,,50,,Baby gem lettuce,1,14,1.3,
,,,,,,,50,,Cucumber,1,15,3.6,0.5
,,,,,,,45,,Celery,1,16,3,1.6
,,,,,,,50,,Cabbage,1,32,3.9,
,,,,,,,2,3,"Olive oil, tsp",5,823,0,0
01/11/20,,,,,,,73,,Rye/buckwheat bread,1,251,51,
,,,,,,,,,Soup carrot/coriander,600,29,2.8,
,,,,,,,60,,"Goats cheese, french",1,291,1,
,,,,,,,3,,"Yorkshire pudding, small",18.3,248,41,2.8
,,,,,,,15,,"Stuffing, sage & onion",1,119,22.3,1.7
,,,,,,,263,2,Carrots,1,41,9.6,2.8
,,,,,,,,2,Onion,240,34.8,7.8,1.5
,,,,,,,140,2,"Pepper, red",1,32,7.6,1.4
,,,,,,,,4,"chicken, roast",525,160,0.2,
,,,,,,,256,2,Parsnip,1,72,11.4,
,,,,,,,15,2,Gravy granules,1,396,62.6,2.1
,,,,,,,1,,"Coffee, milk, sugar",100,49,8.2,
,,,,,,,120,2,Peas,1,85,10.8,5.6
,,,,,,,0.25,,"Halo Top, peanut butter",473,80,14,
02/11/20,,,,,,,1.5,,"Coffee, milk, sugar",100,49,8.2,
,,,,,,,10,,Grapes,3,75,17,0.7
,,,,,,,,3,Strawberries,250,30,6,0
,,,,,,,50,,M&S low fat dessert,1,128,20,0
,,,,,,,2,,"Bread, 50/50, slice",40.2,234,41.9,4.7
,,,,,,,2,,"Ham, slice",34.5,110,1.7,0
,,,,,,,,,Pombears,15,598,64,
,,,,,,,,,Macaroni cheese,375,156,15.9,
,,,,,,,50,,Baby gem lettuce,1,14,1.3,
,,,,,,,50,,Cucumber,1,15,3.6,0.5
,,,,,,,45,,Celery,1,16,3,1.6
,,,,,,,50,,Cabbage,1,32,3.9,
,,,,,,,2,3,"Olive oil, tsp",5,823,0,0
03/11/20,,,,,,,71,,"Goats cheese, french",1,291,1,
,,,,,,,2,,"Ham, slice",34.5,110,1.7,0
,,,,,,,3,,"Eggs, omelette",49.7,145,4.4,
,,,,,,,15,,Butter,1,516,0.4,0
,,,,,,,1,,"Coffee, milk, sugar",100,49,8.2,
,,,,,,,,2,"Tomato, beef",200,20,3.1,1
,,,,,,,,,Garlic flatbread,200,363,49.4,
,,,,,,,1,,"Bread, 50/50, slice",50,234,41.9,4.7
,,,,,,,75,,Halloumi cheese,1,328,0.9,0
,,,,,,,,,"Soup, chicken/veg",600,36,2.7,
,,,,,,,0.33,,"Halo Top, peanut butter",473,80,14,
04/11/20,,,,,,,,,Porridge,38.5,370,59,9
,,,,,,,39,,"Apples, braeburn",1,57,11.6,0
,,,,,,,59,,Raspberries,1,31,4.4,0
,,,,,,,,,Goat's cheese/beetroot salad,135,106,4.5,
,,,,,,,30,,"Goats cheese, french",1,291,1,
,,,,,,,,2,Pesto Parmesan pasta,185,205,21.6,
,,,,,,,90,3,Broccoli,1,34,7,2.6
,,,,,,,80,3,Green beans,1,32,3.1,3.4
,,,,,,,0.33,3,Crème fraiche,300,295,3,
,,,,,,,4,3,Steaks,87.5,192,0.2,0.2
,,,,,,,,3,Onion,240,34.8,7.8,1.5
,,,,,,,3,3,"Mushroom, large",75,16,0.1,1.1
,,,,,,,20,3,Olive oil,1,823,0,0
,,,,,,,2,3,"Rice, Basmati micro",250,168,30.5,1.4
05/11/20,,,,,,,20,,"Pesto, green",1,312,8.4,
,,,,,,,60,,"Goats cheese, french",1,291,1,
,,,,,,,60,,"Tomato, small",1,20,3.1,1
,,,,,,,80,,Rye/buckwheat,1,251,51,
,,,,,,,,,"Pear, ripe and ready",120,43,10.9,1.6
,,,,,,,3,,"Orange, easy peeler",85,43,9.1,
,,,,,,,2,3,"Rice, Basmati micro",250,168,30.5,1.4
,,,,,,,,3,Cod loin fillets,250,98,0.2,0.2
,,,,,,,,3,Trout fillets,240,203,0.1,0.1
,,,,,,,,3,Onion,250,34.8,7.8,1.5
,,,,,,,,3,"Chopped tomatoes, carton",400,20,3,0.9
,,,,,,,,2,Prawns,165,108,0.2,0
,,,,,,,100,3,Green beans,1,32,3.1,3.4
,,,,,,,20,3,Olive oil,1,823,0,0
06/11/20,,,,,,,40,,Cheddar,1,416,0.2,0
,,,,,,,2,,"Ham, slice",34.5,110,1.7,0
,,,,,,,3,,"Eggs, omelette",49.7,145,4.4,
,,,,,,,15,,Butter,1,516,0.4,0
,,,,,,,1.75,,"Coffee, milk, sugar",100,49,8.2,
,,,,,,,,2,"Tomato, beef",200,20,3.1,1
,,,,,,,,,"Mushroom, large",75,16,0.1,1.1
,,,,,,,,2,Baked beans,415,78,12.5,3.6
,,,,,,,,3,Beef mince,500,168,0.1,0
,,,,,,,,3,Onion,240,34.8,7.8,1.5
,,,,,,,,3,"Pepper, red",115,32,7.6,1.4
,,,,,,,100,3,Green beans,1,32,3.1,3.4
,,,,,,,,3,"Chopped tomatoes, tin",400,24,3.5,0.9
,,,,,,,6,3,"Bacon, rasher",26,229.2,0,
,,,,,,,100,,"Pasta, dry, wholewheat",1,342.2,65.8,
,,,,,,,0.33,,"Halo Top, peanut butter",473,80,14,
07/11/20,,,,,,,50,,Baby gem lettuce,1,14,1.3,
,,,,,,,50,,Cucumber,1,15,3.6,0.5
,,,,,,,50,,Celery,1,16,3,1.6
,,,,,,,50,,Cabbage,1,32,3.9,
,,,,,,,40,,Carrots,1,41,9.6,2.8
,,,,,,,2,,"Ham, slice",34.5,110,1.7,0
,,,,,,,100,,Cottage cheese,1,75,6.4,0.1
,,,,,,,100,,Giant couscous/feta salad,1,169,21.1,
,,,,,,,5,,Olive oil,1,823,0,0
,,,,,,,100,,"Avocado, large",1,198,1.9,
,,,,,,,148,3,"Pepper, red",1,32,7.6,1.4
,,,,,,,38,3,Broccoli,1,34,7,2.6
,,,,,,,88,3,Green beans,1,32,3.1,3.4
,,,,,,,160,3,Onion,1,34.8,7.8,1.5
,,,,,,,115,3,Carrots,1,41,9.6,2.8
,,,,,,,20,3,Olive oil,1,823,0,0
,,,,,,,65,3,Sherry,1,143.3,6.7,
,,,,,,,,3,Chicken breast fillets,640,137,0.2,0
,,,,,,,10,3,Soy sauce,1,97,23,
,,,,,,,2,3,"Ginger, very lazy, tsp",1,21,12.1,
,,,,,,,1,3,"Garlic, very lazy, tsp",1,76,11.3,4.9
,,,,,,,2,3,Bare naked noodles,250,12,1,
,,,,,,,2,,"Coffee, milk, sugar",100,49,8.2,
,,,,,,,0.67,,"Halo Top, peanut butter",473,80,14,
08/11/20,,,,,,,,,"Orange, with skin",120,47,12,
,,,,,,,,,"Banana, small",50,103,23.2,1.1
,,,,,,,,,"Apples, braeburn",100,57,11.6,0
,,,,,,,,,"Pear, ripe and ready",130,43,10.9,1.6
,,,,,,,,,Yoghurt,110,98,12.6,
,,,,,,,,,Soup carrot/coriander,600,29,2.8,
,,,,,,,50,,Cheddar,1,416,0.2,0
,,,,,,,,,Pitta bread,56,241,42.3,
,,,,,,,,,"Chips, takeaway small",200,239,30.5,2.2
,,,,,,,,,Cod in batter (half eaten),100,444,10,
09/11/20,,,,,,,2,,"Coffee, milk, sugar",100,49,12,
,,,,,,,,,"Baguette 6""",90,416,78,
,,,,,,,4,,"Bacon, rasher",26,229.2,0,
,,,,,,,,,Tomato ketchup,15,102,23.2,
,,,,,,,2,4,"Toad in The Hole, (RYP)",350,295,23,
,,,,,,,2,3,Leeks,166.7,27,2.8,
,,,,,,,200,3,Cabbage,1,32,3.9,
,,,,,,,2,3,Pak choi,70,22,1.9,
,,,,,,,20,2,Gravy granules,1,396,62.6,2.1
,,,,,,,10,3,Butter,1,516,0.4,0
10/11/20,,,,,,,,,"Bread, white crust",48,239,45.6,
,,,,,,,15,,Lurpak,1,516,0.4,0
,,,,,,,20,,Lemon curd,1,380,53.2,
,,,,,,,40,,Cheddar,1,416,0.2,0
,,,,,,,4,,"Bread, 50/50",39,234,41.9,4.7
,,,,,,,10,,Lurpak,1,516,0.4,0
,,,,,,,0.5,,"Tea, milk, sugar",100,49,8,
,,,,,,,1,,Gammon steak,200,158,1,0.6
,,,,,,,210,,Jacket potatoes,1,81,17.5,
,,,,,,,80,,Parsley sauce,1,73,9.9,0.2
,,,,,,,1,,"Pineapple, slice",54,54,12.8,
,,,,,,,,,"Tangfastics, packet",160,346,80,
11/11/20,,,,,,,,,Goat's cheese/beetroot salad,135,106,4.5,
,,,,,,,25,,"Goats cheese, french",1,291,1,
,,,,,,,2,,"Coffee, milk, sugar",100,49,8.2,
,,,,,,,,,Macaroni cheese,375,156,15.9,
,,,,,,,90,,"Pasta, dry, wholewheat",1,342.2,65.8,
,,,,,,,,,Nectarine,80,45,9,1.2
12/11/20,,,,,,,2,,"Coffee, milk, sugar",100,49,8.2,
,,,,,,,,,Soup carrot/coriander,600,29,2.8,
,,,,,,,45,,"Goats cheese, french",1,291,1,
,,,,,,,75,,Rye/buckwheat bread,1,251,51,
,,,,,,,,3,Onion,240,34.8,7.8,1.5
,,,,,,,,3,"Pepper, red",115,32,7.6,1.4
,,,,,,,,3,Chorizo,75,338,1.1,0
,,,,,,,50,3,Green beans,1,32,3.1,3.4
,,,,,,,50,2,Peas,1,85,10.8,5.6
,,,,,,,,3,"Chopped tomatoes, tin",400,24,3.5,0.9
,,,,,,,,3,Cod loin fillets,125,98,0.2,0.2
,,,,,,,,3,Trout fillets,240,203,0.1,0.1
,,,,,,,,3,Prawns,165,108,0.2,0
,,,,,,,2,3,"Rice, Basmati micro",250,168,30.5,1.4
,,,,,,,,,Nectarine,80,45,9,1.2
13/11/20,,,,,,,2.5,,"Coffee, milk, sugar",100,49,8.2,
,,,,,,,2,,"Bread, 50/50",39,234,41.9,4.7
,,,,,,,2,,"Bacon, rasher",26,229.2,0,
,,,,,,,45,3,"Mashed potatoes, pellet",14,103,15,1
,,,,,,,133,3,Parsnip,1,72,11.4,
,,,,,,,123,3,Carrots,1,41,9.6,2.8
,,,,,,,129,3,Onion,1,34.8,7.8,1.5
,,,,,,,,3,Mince,500,168,0.1,0
,,,,,,,245,3,Leeks,1,27,2.8,
,,,,,,,300,3,Cabbage,1,32,3.9,
,,,,,,,188,3,Pak choi,1,22,1.9,
,,,,,,,,3,"Sweetcorn, tin",165,77,11.8,2.5
,,,,,,,107,3,Peas,1,85,10.8,5.6
,,,,,,,20,3,Olive oil,1,823,0,0
,,,,,,,1,3,"Garlic, very lazy, tsp",5,76,11.3,4.9
,,,,,,,20,3,Butter,1,516,0.4,0
,,,,,,,5,3,Tomato puree,1,89,13.7,2.5
,,,,,,,,3,Stock pot,28,95,3.4,0.9
,,,,,,,0.5,,"Halo Top, peanut butter",473,80,14,
14/11/20,,,,,,,20,,Cheddar,1,416,0.2,0
,,,,,,,1,,"Ham, slice",34.5,110,1.7,0
,,,,,,,3,,"Eggs, omelette",49.7,145,4.4,
,,,,,,,,2,"Tomato, beef",200,20,3.1,1
,,,,,,,2,,"Coffee, milk, sugar",100,49,8.2,
,,,,,,,,3,Chicken chow mein,250,527,57.5,
,,,,,,,,3,Egg fried rice,250,163,31,1.1
,,,,,,,,2,Beef curry,227,102,5.2,
,,,,,,,,6,Chilli shredded beef,300,444,8,
,,,,,,,,2,"Halo Top, peanut butter",473,80,14,
15/11/20,,,,,,,40,,Apple,1,57,11.6,0
,,,,,,,,,Porridge,27,370,59,9
,,,,,,,75,,Blueberries,1,43,8.7,
,,,,,,,4,,"Bread, 50/50",39,234,41.9,4.7
,,,,,,,40,,Cheddar,1,416,0.2,0
,,,,,,,2,4,"Toad in The Hole, (RYP)",350,295,23,
,,,,,,,2,3,Leeks,166.7,27,2.8,
,,,,,,,200,3,Cabbage,1,32,3.9,
,,,,,,,,3,Asparagus,200,28,1.9,
,,,,,,,20,2,Gravy granules,1,396,62.6,2.1
,,,,,,,10,3,Butter,1,516,0.4,0
16/11/20,,,,,,,,,Nectarine,80,45,9,1.2
,,,,,,,,,Banana,75,103,23.2,1.1
,,,,,,,20,3,Olive oil,1,823,0,0
,,,,,,,,3,Chicken breast fillets,640,137,0.2,0
,,,,,,,2,3,Onion,1,34.8,7.8,1.5
,,,,,,,3,3,"Garlic, clove",3,133,33.1,2.1
,,,,,,,,3,"Pepper, red",115,32,7.6,1.4
,,,,,,,10,3,Tomato puree,1,89,13.7,2.5
,,,,,,,2,3,Chicken stock pot,28,95,3.4,
,,,,,,,150,3,Red wine,1,416,0.2,
,,,,,,,70,3,Sun-dried tomatoes in olive oil,1,305,17.5,
,,,,,,,15,3,"Olives, black",1,160,0.1,
,,,,,,,2,3,"Rice, brown micro",250,171,32.2,
,,,,,,,,3,"Orange, with skin",120,47,12,
,,,,,,,,2,"Halo Top, peanut butter",473,80,14,
17/11/20,,,,,,,120,,"Apple, braeburn",1,57,11.6,
,,,,,,,2,,"Coffee, milk, sugar",100,49,12,
,,,,,,,,,Goat's cheese/beetroot salad,135,106,4.5,
,,,,,,,50,,"Goats cheese, french",1,291,1,
,,,,,,,,2,Giant couscous/feta salad,200,169,21.1,
,,,,,,,,,Macaroni cheese,375,156,15.9,
,,,,,,,,,Pitta bread,56,241,42.3,
18/11/20,,,,,,,,,Soup chicken/vegetable,600,36,2.7,
,,,,,,,,,Pitta bread,56,241,42.3,
,,,,,,,1,,"Coffee, milk, sugar",100,49,8.2,
,,,,,,,,,Gammon steak,200,158,1,0.6
,,,,,,,15,,"Mashed potatoes, pellet",14,103,15,1
,,,,,,,100,,Parsley sauce,1,73,9.9,0.2
,,,,,,,2,,"Pineapple, slice",54,54,12.8,
,,,,,,,214,3,Leeks,1,27,2.8,
,,,,,,,108,1.5,Broccoli,1,32,3.9,2.6
,,,,,,,179,3,Pak choi,1,22,1.9,
,,,,,,,,2,"Halo Top, peanut butter",473,80,14,
19/11/20,,,,,,,1,,"Coffee, milk, sugar",100,49,8.2,
,,,,,,,,,Soup chicken/vegetable,600,36,2.7,
,,,,,,,,,Pitta bread,56,241,42.3,
,,,,,,,45,,"Goats cheese, french",1,291,1,
,,,,,,,2,,"Ham, thick slice",30.1,133,0.1,
,,,,,,,2,3,Cod loin fillets,125,98,0.2,0.2
,,,,,,,576,3,New potatoes,1,81,17.5,1.6
,,,,,,,400,3,Peas,1,85,10.8,5.6
,,,,,,,100,,Parsley sauce,1,73,9.9,0.2
,,,,,,,,2,"Halo Top, peanut butter",473,80,14,
20/11/20,,,,,,,2.5,,"Coffee, milk, sugar",100,49,8.2,
,,,,,,,50,,"Goats cheese, french",1,291,1,
,,,,,,,3,,"Eggs, omelette",49.7,145,4.4,
,,,,,,,,,Goat's cheese/beetroot salad,135,106,4.5,
,,,,,,,2,,Chicken mushroom pie,212,216,20.9,1.5
,,,,,,,500,3,Peas,1,85,10.8,5.6
,,,,,,,238,,Oven chips,1,208,31,
21/11/20,,,,,,,40,,Oatibix flakes,1,395,64,
,,,,,,,100,,"Milk, skimmed",1,37,5,0
,,,,,,,,2,Nectarine,80,45,9,1.2
,,,,,,,,,Smoked salmon slices,100,204,1.1,0
,,,,,,,1,,"Philadelphia Lite, mini",35,150,5.2,0.4
,,,,,,,2,3,"Rice, Basmati micro",250,168,30.5,1.4
,,,,,,,,,Beef curry,227,102,5.2,
,,,,,,,10,,Thins,10,252,45.2,3.5
22/11/20,,,,,,,,,big soup,400,50,7.4,
,,,,,,,,3,lamb steak,620,199,0.1,
,,,,,,,60,,Rye/buckwheat bread,1,251,51,
,,,,,,,123,3,Carrots,1,41,9.6,2.8
,,,,,,,200,3,Cabbage,1,32,3.9,
,,,,,,,1,3,Leeks,166.7,27,2.8,
,,,,,,,100,3,Green beans,1,32,3.1,3.4
,,,,,,,180,,Roast potato,1,93,21,
,,,,,,,,3,Onion,240,34.8,7.8,1.5
,,,,,,,,3,Pepper Orange,115,32,7.6,1.4
,,,,,,,40,3,Olive oil,1,823,0,0
,,,,,,,20,2,Gravy granules,1,396,62.6,2.1
23/11/20,,,,,,,0.75,,"Coffee, milk, sugar",100,49,8.2,
,,,,,,,2,,"Oranges, easy peelers",60,43,9.1,0
,,,,,,,,3,Beef mince,500,168,0.1,0
,,,,,,,,3,Onion,240,34.8,7.8,1.5
,,,,,,,,3,"Chopped tomatoes, tin",400,24,3.5,0.9
,,,,,,,100,3,Green beans,1,32,3.1,3.4
,,,,,,,,3,Pepper Orange,115,32,7.6,1.4
,,,,,,,360,3,Pasta (dry),1,367.5,73.5,3.2
,,,,,,,0.5,,"Halo Top, salted caramel",473,68,14,
24/11/20,,,,,,,0.33,,"Coffee, milk, sugar",100,49,8.2,
,,,,,,,,,Gingerbread Latte Costa,100,55,7.9,
,,,,,,,,,Porridge,27,370,59,9
,,,,,,,45,,Blueberries,1,43,8.7,
,,,,,,,10,,Gingerbread man (tiny),1,426,75,
,,,,,,,,,Goat's cheese/beetroot salad,135,106,4.5,
,,,,,,,,2,"Tomato, beef",200,20,3.1,1
,,,,,,,,3,Beef steaks,350,192,0.2,0.2
,,,,,,,,3,Onion,240,34.8,7.8,1.5
,,,,,,,60,,Cucumber,1,15,3.6,0.5
,,,,,,,80,3,Green beans,1,32,3.1,3.4
,,,,,,,0.33,3,Crème fraiche,300,295,3,
,,,,,,,,4,Giant couscous/feta salad,220,169,21.1,
,,,,,,,2,3,"Rice, Basmati micro",250,168,30.5,1.4
,,,,,,,0.5,,"Halo Top, salted caramel",473,68,14,
25/11/20,,,,,,,2,,"Coffee, milk, sugar",100,49,8.2,
,,,,,,,500,,"Tonic water, fever tree clementine",1,19,4.7,0
,,,,,,,,,Macaroni cheese,375,156,15.9,
,,,,,,,90,,Pasta (dry),1,367.5,73.5,3.2
26/11/20,,,,,,,1,,"Coffee, milk, sugar",100,49,8.2,
,,,,,,,2,,"Bread, 50/50, slice",40.2,234,41.9,4.7
,,,,,,,4,,"Bacon, rasher",26,229.2,0,
,,,,,,,,3,lamb steak,620,199,0.1,
,,,,,,,,3,Chickpeas,240,122,16.5,6.1
,,,,,,,,3,Onion,240,34.8,7.8,1.5
,,,,,,,20,3,Olive oil,1,823,0,0
,,,,,,,,3,"Chopped tomatoes, tin",400,24,3.5,0.9
,,,,,,,2,3,"Stock pot, chicken",28,160,26,0.7
,,,,,,,200,3,Dried apricots,1,181,36.5,
,,,,,,,3,3,"Rice, Basmati micro",250,168,30.5,1.4
27/11/20,,,,,,,2.5,,"Coffee, milk, sugar",100,49,8.2,
,,,,,,,120,,Rye/buckwheat bread,1,251,51,
,,,,,,,10,,Lurpak,1,516,0.4,0
,,,,,,,20,,Lemon curd,1,380,53.2,
,,,,,,,,,Beef curry,227,102,5.2,
,,,,,,,4,5,"Rice, Basmati micro",250,168,30.5,1.4
,,,,,,,75,,"Wine, rose",1,416,0.2,
,,,,,,,,,sag aloo,100,160,23,
28/11/20,,,,,,,1,,"Coffee, milk, sugar",100,49,8.2,
,,,,,,,,,Soup carrot/coriander,600,29,2.8,
,,,,,,,70,,Rye/buckwheat bread,1,251,51,
,,,,,,,2,,Chicken mushroom pie,212,216,20.9,1.5
,,,,,,,150,,Oven chips,1,208,31,
,,,,,,,179,3,Pak choi,1,22,1.9,
,,,,,,,200,3,Cabbage,1,32,3.9,
29/11/20,,,,,,,2,,"Coffee, milk, sugar",100,49,8.2,
,,,,,,,3,,"Eggs, omelette",49.7,145,4.4,
,,,,,,,20,,Cheddar,1,416,0.2,0
,,,,,,,2,,"Ham, slice",34.5,110,1.7,0
,,,,,,,,2,"Tomato, beef",200,20,3.1,1
,,,,,,,,,Baby gem lettuce,150,14,1.3,
,,,,,,,,3,Chicken breast fillets,640,137,0.2,0
,,,,,,,,3,Onion,240,34.8,7.8,1.5
,,,,,,,100,3,Carrots,1,41,9.6,2.8
,,,,,,,66,3,Green beans,1,32,3.1,3.4
,,,,,,,30,3,Gravy granules,1,396,62.6,2.1
,,,,,,,2,3,"Stock pot, chicken",28,160,26,0.7
,,,,,,,6,3,"Self-raising flour, ounce",28.4,335,69.9,3.7
,,,,,,,57,3,Suet,1,816,10.7,
,,,,,,,350,3,New potatoes,1,81,17.5,1.6
,,,,,,,200,,"cherries, with stones",1,58,13.4,
30/11/20,,,,,,,3,,"Coffee, milk, sugar",100,49,8.2,
,,,,,,,,,Porridge,27,370,59,9
,,,,,,,,,Gammon steak,200,158,1,0.6
,,,,,,,150,3,Cabbage,1,32,3.9,
,,,,,,,1,3,Leeks,166.7,27,2.8,
,,,,,,,150,3,"Peas, frozen",1,85,10.8,5.6
,,,,,,,1000,3,Jacket potato,1,76,16,1.8
,,,,,,,250,3,"Parsley sauce, inc milk",1,72,9.1,0.1
,,,,,,,1,,"Pineapple, slice",54,54,12.8,
,,,,,,,0.5,,"Halo Top, salted caramel",473,68,14,
01/12/20,,,,,,,,,Goat's cheese/beetroot salad,135,106,4.5,
,,,,,,,1.5,,"Ham, slice",34.5,110,1.7,0
,,,,,,,,3,Cottage cheese,300,75,6.4,0.1
,,,,,,,3,,"Coffee, milk, sugar",100,49,8.2,
,,,,,,,,,Cod in batter (half eaten),100,444,10,
,,,,,,,,,"Chips, takeaway small",300,239,30.5,2.2
,,,,,,,,,Curry sauce,198,31.3,1.4,
02/12/20,,,,,,,,,Yoghurt,110,98,12.6,
,,,,,,,1,,"Pear, ripe and ready",100,43,10.9,1.6
,,,,,,,1.5,,"Coffee, milk, sugar",100,49,8.2,
,,,,,,,,,Tassimo caramel latte,100,93,11,
,,,,,,,,3,Beef mince,500,168,0.1,0
,,,,,,,,3,Onion,240,34.8,7.8,1.5
,,,,,,,8,3,"Bacon, rasher",26,229.2,0,
,,,,,,,,3,Pepper Orange,115,32,7.6,1.4
,,,,,,,66,3,Green beans,1,32,3.1,3.4
,,,,,,,2,3,Bare naked noodles,250,12,1,
,,,,,,,,3,"Chopped tomatoes, tin",400,24,3.5,0.9
,,,,,,,10,3,Tomato puree,1,89,13.7,2.5
,,,,,,,,3,"Garlic, very lazy, tsp",6,109,21,4.9
03/12/20,,,,,,,,,Tassimo caramel latte,310,26,2.3,
,,,,,,,0.5,,"Half sugar, half teaspoon",2,400,98.9,0
,,,,,,,0.5,,"Carrs Table Water, large",7.6,412,73.9,4.2
,,,,,,,,,Goat's cheese/beetroot salad,135,106,4.5,
,,,,,,,,,Macaroni cheese,375,156,15.9,
,,,,,,,100,,Pasta (dry),1,367.5,73.5,3.2
04/12/20,,,,,,,0.8,,Soup carrot/coriander,600,29,2.8,
,,,,,,,,,Pitta bread,56,241,42.3,
,,,,,,,36,,"Goats cheese, french",1,291,1,
,,,,,,,,,Tassimo caramel latte,310,26,2.3,
,,,,,,,0.5,,"Half sugar, half teaspoon",2,400,98.9,0
,,,,,,,100,3,Potato,1,76,16,1.8
,,,,,,,200,3,Carrots,1,41,9.6,2.8
,,,,,,,,3,Chicken breast fillets,640,137,0.2,0
,,,,,,,100,3,Green beans,1,32,3.1,3.4
,,,,,,,60,3,Thai curry paste,1,109,21,0
,,,,,,,,3,Coconut Cream,250,219,4.5,0.2
,,,,,,,2,3,"Rice, Basmati micro",250,168,30.5,1.4
05/12/20,,,,,,,2,,"Coffee, milk, sugar",100,49,8.2,
,,,,,,,50,,Rye/buckwheat bread,1,251,51,
,,,,,,,12,,"Jam, strawberry",1,254,61.9,1.7
,,,,,,,,,Lurpak,10,516,0.4,0
,,,,,,,180,3,Carrots,1,41,9.6,2.8
,,,,,,,,3,Onion,240,34.8,7.8,1.5
,,,,,,,3,,"Yorkshire pudding, small",18.3,248,41,2.8
,,,,,,,,3,"chicken, roast, stuffed",525,182,1,
,,,,,,,120,3,Broccoli,1,32,3.9,2.6
,,,,,,,20,3,Olive oil,1,823,0,0
,,,,,,,30,2,Gravy granules,1,396,62.6,2.1
,,,,,,,133,3,Parsnip,1,72,11.4,
06/12/20,,,,,,,100,,Smoked salmon slices,1,204,1.1,0
,,,,,,,69,,Ryvita Thins,1,401,70.8,5.2
,,,,,,,,2,Gammon steak,200,158,1,0.6
,,,,,,,25,1.5,"Mashed potatoes, pellet",14,103,15,1
,,,,,,,70,2,Cabbage,1,32,3.9,
,,,,,,,1,2,Leeks,250,27,2.8,
,,,,,,,150,2,Peas,1,85,10.8,5.6
,,,,,,,80,2,Broccoli,1,32,3.9,2.6
,,,,,,,,,peach,90,45,9,
08/12/20,,,,,,,0.66,,"Coffee, milk, sugar",100,49,8.2,
,,,,,,,115,2,Pasta (dry),1,367.5,73.5,3.2
,,,,,,,115,2,"Pasta, dry, wholewheat",1,342.2,65.8,
,,,,,,,,2,Beef mince,500,168,0.1,0
,,,,,,,,2,Onion,240,34.8,7.8,1.5
,,,,,,,,2,Pepper Orange,115,32,7.6,1.4
,,,,,,,100,2,Green beans,1,32,3.1,3.4
,,,,,,,,2,"Chopped tomatoes, tin",400,24,3.5,0.9
,,,,,,,75,,"Garlic pizza bread, Dominos",1,328,47,
11/12/20,,,,,,,,3,Chicken breast fillets,640,137,0.2,0
,,,,,,,,3,Onion,240,34.8,7.8,1.5
,,,,,,,2,3,"Rice, Basmati micro",250,168,30.5,1.4
,,,,,,,,,Soup carrot/coriander,600,29,2.8,
,,,,,,,4,,"Bread, white",37.5,234,41.9,4.7
,,,,,,,20,,Lurpak,1,516,0.4,0
,,,,,,,40,,Cheddar,1,416,0.2,0
,,,,,,,,2,"Tomato, beef",200,20,3.1,1
,,,,,,,,3,Coconut Cream,250,219,4.5,0.2
,,,,,,,270,3,New potatoes,1,81,17.5,1.6
,,,,,,,120,3,Carrots,1,41,9.6,2.8
,,,,,,,100,3,Green beans,1,32,3.1,3.4
,,,,,,,,3,Thai Curry paste,45,76,11.3,
12/12/20,,,,,,,1,,"Coffee, milk, sugar",100,49,8.2,
,,,,,,,3,,"Eggs, omelette",49.7,145,4.4,
,,,,,,,2,,"Ham, slice",34.5,110,1.7,0
,,,,,,,20,,Cheddar,1,416,0.2,0
,,,,,,,,4,Strawberries,400,30,6,0
,,,,,,,2,3,Gammon steak,200,158,1,0.6
,,,,,,,1000,3,Jacket potato,1,76,16,1.8
,,,,,,,300,3,Parsley sauce,1,73,9.9,0.2
,,,,,,,70,2.5,Cabbage,1,32,3.9,
,,,,,,,1,3,Leeks,166.7,27,2.8,
,,,,,,,0.5,,"Halo Top, salted caramel",473,68,14,
13/12/20,,,,,,,,,Porridge,27,370,59,9
,,,,,,,40,,Blueberries,1,43,8.7,
,,,,,,,0.5,,Goat's cheese/beetroot salad,135,106,4.5,
,,,,,,,,5,Cottage cheese,300,75,6.4,0.1
,,,,,,,,3,Beef joint,500,178,0.1,
,,,,,,,3,,"Yorkshire pudding, small",18.3,248,41,2.8
,,,,,,,150,3,Carrot,1,41,9.6,2.8
,,,,,,,70,3,Parsnip,1,72,11.4,
,,,,,,,,3,Onion,240,34.8,7.8,1.5
,,,,,,,70,2.5,Cabbage,1,32,3.9,
,,,,,,,100,2.5,Peas,1,85,10.8,5.6
,,,,,,,30,2,Gravy granules,1,396,62.6,2.1
,,,,,,,50,,vodka,1,231,0,
,,,,,,,50,,britvic cranberry juice,1,47,11,
,,,,,,,20,,sugar syrup,1,260,67,
,,,,,,,0.5,,"Halo Top, salted caramel",473,68,14,
14/12/20,,,,,,,,3,"Tuna, tin",160,113,0,0
,,,,,,,4,,"Bread, white",37.5,234,41.9,4.7
,,,,,,,,,Macaroni cheese,375,156,15.9,
,,,,,,,75,2,Pasta (dry),1,367.5,73.5,3.2
,,,,,,,2,,"Coffee, milk, sugar",100,49,8.2,
15/12/20,,,,,,,2,,"Coffee, milk, sugar",100,49,8.2,
,,,,,,,0.5,,Goat's cheese/beetroot salad,135,106,4.5,
,,,,,,,,2,"Tomato, beef",200,20,3.1,1
,,,,,,,100,,Cucumber,1,15,3.6,0.5
,,,,,,,3,,"Celery, stick",50,16,3,1.6
,,,,,,,320,3,Pasta (dry),1,367.5,73.5,3.2
,,,,,,,,3,Beef mince,500,168,0.1,0
,,,,,,,,3,Onion,240,34.8,7.8,1.5
,,,,,,,6,3,"Bacon, rasher",26,229.2,0,
,,,,,,,100,3,Green beans,1,32,3.1,3.4
,,,,,,,1.5,3,"Chopped tomatoes, tin",400,24,3.5,0.9
18/12/20,,,,,,,,,Lamb curry,227,102,5.2,
,,,,,,,,,Poppadom,5,371,62,
,,,,,,,,,Chapati,38,350,46,
,,,,,,,200,,"Rice, coconut",1,309,45,
,,,,,,,,2,peach,90,45,9,
,,,,,,,,,Tassimo caramel latte,310,26,2.3,
19/12/20,,,,,,,500,4,Oven chips,1,208,31,
,,,,,,,2,,Chicken mushroom pie,212,216,20.9,1.5
,,,,,,,70,3.5,Cabbage,1,32,3.9,
,,,,,,,2,4,Leeks,166.7,27,2.8,
,,,,,,,200,4,"Peas, frozen",1,85,10.8,5.6
,,,,,,,,,Smoked salmon slices,100,204,1.1,0
,,,,,,,6,,Ryvita Thins,6.94,401,70.8,5.2
20/12/20,,,,,,,6,,Elizabeth Shaw mint crisps,6.18,502,61,
,,,,,,,2,4,Gammon steak,200,158,1,0.6
,,,,,,,45,3,"Mashed potatoes, pellet",14,103,15,1
,,,,,,,1,,"Pineapple, slice",54,54,12.8,
,,,,,,,400,4,"Parsley sauce, inc milk",1,72,9.1,0.1
,,,,,,,,,Macaroni cheese,375,156,15.9,
,,,,,,,2,,"Coffee, milk, sugar",100,49,8.2,
21/12/20,,,,,,,0.5,,"Coffee, milk, sugar",100,49,8.2,
,,,,,,,,,"Banana, small",60,103,23.2,1.1
,,,,,,,,4,Chicken breast fillets,640,137,0.2,0
,,,,,,,,4,Onion,240,34.8,7.8,1.5
,,,,,,,224,4,Carrots,1,41,9.6,2.8
,,,,,,,100,4,Green beans,1,32,3.1,3.4
,,,,,,,,4,Chickpeas,240,122,16.5,6.1
,,,,,,,3,4,"Rice, Basmati micro",250,168,30.5,1.4
22/12/20,,,,,,,6,,"Bacon, rasher",26,229.2,0,
,,,,,,,4,,"Bread, white",37.5,234,41.9,4.7
,,,,,,,,4,Beef mince,500,168,0.1,0
,,,,,,,3,4,"Rice, Basmati micro",250,168,30.5,1.4
,,,,,,,,4,Onion,240,34.8,7.8,1.5
,,,,,,,,4,Pepper Orange,115,32,7.6,1.4
,,,,,,,,4,Red kidney beans,240,105,12.8,7.8
,,,,,,,1.5,,"Coffee, milk, sugar",100,49,8.2,
23/12/20,,,,,,,1.5,,"Coffee, milk, sugar",100,49,8.2,
,,,,,,,0.5,,"Bread, white",37.5,234,41.9,4.7
,,,,,,,20,,Chicken paste,1,170,0.1,2.9
,,,,,,,,,Macaroni cheese,375,156,15.9,
,,,,,,,110,,Pasta (dry),1,367.5,73.5,3.2
,,,,,,,5,,Ryvita Thins,7,401,70.8,5.2
,,,,,,,50,,"Goats cheese, french",1,291,1,
,,,,,,,10,,Lurpak,1,516,0.4,0
24/12/20,,,,,,,2,,"Coffee, milk, sugar",100,49,8.2,
,,,,,,,,,hula hoops,24,503,66,
,,,,,,,,,"Pear, conference",100,43,10.9,1.6
,,,,,,,,3,Chicken breast fillets,640,137,0.2,0
,,,,,,,120,,New potatoes,1,81,17.5,1.6
,,,,,,,,,Custard pot,150,101,16.1,
,,,,,,,2,,L.C. pie,100,381,4.1,
03/01/21,,,,,,,330,3,Oven chips,1,208,31,
,,,,,,,2,3,Gammon steak,200,158,1,0.6
,,,,,,,2,,"Eggs, fried",60,90,0.6,
,,,,,,,100,2.5,Peas,1,85,10.8,5.6
,,,,,,,2,,"Coffee, milk, sugar",100,49,8.2,
,,,,,,,600,,"Tonic, slimline",1,2,0,0
04/01/21,,,,,,,100,,"Wholemeal bread, seeded",1,269,37.1,4.7
,,,,,,,,,Lurpak,10,516,0.4,0
,,,,,,,,,Macaroni cheese,375,156,15.9,
,,,,,,,2,,"Coffee, milk, sugar",100,49,8.2,
,,,,,,,50,,Pasta (dry),1,367.5,73.5,3.2
,,,,,,,5,,"Jam, wild blackberry/apple",5,231,55.8,
07/01/21,,,,,,,2,,"Coffee, milk, sugar",100,49,8.2,
,,,,,,,100,3,Green beans,1,32,3.1,3.4
,,,,,,,,3,Pepper Orange,115,32,7.6,1.4
,,,,,,,,3,Onion,240,34.8,7.8,1.5
,,,,,,,,3,Cod loin fillets,250,98,0.2,0.2
,,,,,,,,3,Trout fillets,240,203,0.1,0.1
,,,,,,,3,3,"Rice, Basmati micro",250,168,30.5,1.4
,,,,,,,5,,"Jam, wild blackberry/apple",5,231,55.8,
,,,,,,,3,,"Wholemeal bread, seeded",36,234,41.9,4.7
08/01/21,,,,,,,2,,"Wholemeal bread, seeded",40,269,37.1,4.7
,,,,,,,2,,"Coffee, milk, sugar",100,49,8.2,
,,,,,,,,,Lurpak,10,516,0.4,0
,,,,,,,5,,"Jam, wild blackberry/apple",5,231,55.8,
,,,,,,,,3,Chicken breast fillets,640,137,0.2,0
,,,,,,,1,3,"Chopped tomatoes, tin",400,24,3.5,0.9
,,,,,,,,3,Thai Curry paste,45,76,11.3,
,,,,,,,1,3,Chicken stock pot,28,95,3.4,
,,,,,,,100,3,Green beans,1,32,3.1,3.4
,,,,,,,,3,Lentils,265,82,10.9,
10/01/21,,,,,,,0.75,,Soup carrot/coriander,600,29,2.8,
,,,,,,,2,,Pitta bread,56,241,42.3,
,,,,,,,1,,"Coffee, milk, sugar",100,49,8.2,
,,,,,,,330,3,Oven chips,1,208,31,
,,,,,,,120,,"Wholemeal bread, seeded",1,269,37.1,4.7
,,,,,,,2,,"Ham, slice",34.5,110,1.7,0
,,,,,,,40,,Cheddar,1,416,0.2,0
,,,,,,,2,,Chicken mushroom pie,145,222,21.7,1.5
13/01/21,,,,,,,100,,Rye/buckwheat bread,1,251,51,
,,,,,,,100,,Smoked salmon slices,1,204,1.1,0
,,,,,,,1,,"Philadelphia Lite, mini",35,150,5.2,0.4
,,,,,,,100,,salmon pate,1,273,7.5,
,,,,,,,3,,"Coffee, milk, sugar",100,49,8.2,
,,,,,,,90,4,Ground almonds,1,641,6.9,
,,,,,,,10,4,Coconut flour,1,352,16,
,,,,,,,2,4,Eggs,50,143,0.7,0
,,,,,,,150,4,"Milk, skimmed",1,37,5,0
,,,,,,,30,,Blueberries,1,43,8.7,
,,,,,,,,,Macaroni cheese,375,156,15.9,
,,,,,,,80,,"Pasta wholemeal, dry",1,348,75,0
16/01/21,,,,,,,2,,"Coffee, milk, sugar",100,49,8.2,
,,,,,,,0.75,,Soup carrot/coriander,600,29,2.8,
,,,,,,,3,,"Bread, white",37.5,234,41.9,4.7
,,,,,,,40,,Cheddar,1,416,0.2,0
,,,,,,,2,,Chicken mushroom pie,212,216,20.9,1.5
,,,,,,,300,3,Oven chips,1,208,31,
,,,,,,,70,3.5,Cabbage,1,32,3.9,
,,,,,,,179,3.5,Pak choi,1,22,1.9,
,,,,,,,1.5,3,Leeks,166.7,27,2.8,
,,,,,,,80,2,Broccoli,1,32,3.9,2.6
17/01/21,,,,,,,3,,"Coffee, milk, sugar",100,49,8.2,
,,,,,,,5,,ryvita dark rye,10,342,66.5,
,,,,,,,70,,"Goats cheese, french",1,291,1,
,,,,,,,100,,macadamia nuts,1,772,5.3,
,,,,,,,,2.66,lamb steak,620,199,0.1,
,,,,,,,3,,"Yorkshire pudding, small",18.3,248,41,2.8
,,,,,,,70,3.5,Cabbage,1,32,3.9,
,,,,,,,1.5,3,Leeks,166.7,27,2.8,
,,,,,,,80,2,Broccoli,1,32,3.9,2.6
,,,,,,,30,2,Gravy granules,1,396,62.6,2.1
,,,,,,,0.5,,"Halo Top, salted caramel",473,68,14,
18/01/21,,,,,,,,,"coffee black, 3g sugar",100,18,3,
,,,,,,,1,,"Pear, ripe and ready",100,43,10.9,1.6
,,,,,,,,,Nectarine,100,45,9,1.2
,,,,,,,2,3,Gammon steak,200,158,1,0.6
,,,,,,,300,3,"Parsley sauce, inc milk",1,72,9.1,0.1
,,,,,,,10,3,Butter,1,516,0.4,0
,,,,,,,80,2,Broccoli,1,32,3.9,2.6
,,,,,,,200,3,"Peas, frozen",1,85,10.8,5.6
,,,,,,,24,2,"Mashed potatoes, pellet",14,103,15,1
19/01/21,,,,,,,4,,Porridge,27,370,59,9
,,,,,,,2,,"coffee black, 3g sugar",100,18,3,
,,,,,,,,,"Chips, takeaway small",300,239,30.5,2.2
,,,,,,,,,Cod in batter (half eaten),100,444,10,
,,,,,,,220,,pecans,1,704,5.8,
,,,,,,,480,,"Milk, skimmed",1,37,5,0
20/01/21,,,,,,,2,,"coffee black, 3g sugar",100,18,3,
,,,,,,,5,,ryvita dark rye,10,342,66.5,
,,,,,,,1,,"Philadelphia Lite, mini",35,150,5.2,0.4
,,,,,,,66,,Smoked salmon slices,1,204,1.1,0
,,,,,,,40,,"Goats cheese, french",1,291,1,
,,,,,,,3,,Lurpak,10,516,0.4,0
,,,,,,,3,3,Bare naked noodles,250,12,1,
,,,,,,,,3,Chicken breast fillets,640,137,0.2,0
,,,,,,,,3,Onion,240,34.8,7.8,1.5
,,,,,,,,3,Pepper Orange,115,32,7.6,1.4
,,,,,,,100,3,Green beans,1,32,3.1,3.4
,,,,,,,120,3,Carrots,1,41,9.6,2.8
,,,,,,,1,3,"Stock pot, chicken",28,160,26,0.7
,,,,,,,10,3,Soy sauce,1,97,23,
,,,,,,,200,3,Sherry,1,143.3,6.7,
21/01/21,,,,,,,100,,Rye/buckwheat bread,1,251,51,
,,,,,,,,,Macaroni cheese,375,156,15.9,
,,,,,,,60,,"Pasta, dry, wholewheat",1,342.2,65.8,
22/01/21,,,,,,,3,,"coffee black, 3g sugar",100,18,3,
,,,,,,,100,,macadamia nuts,1,772,5.3,
,,,,,,,3,3,"Rice, Basmati micro",250,168,30.5,1.4
,,,,,,,30,4,Gravy granules,1,396,62.6,2.1
,,,,,,,,4,Beef mince,500,168,0.1,0
,,,,,,,,4,Pepper Orange,115,32,7.6,1.4
,,,,,,,,4,Onion,240,34.8,7.8,1.5
,,,,,,,,4,Red kidney beans,240,105,12.8,7.8
,,,,,,,1,4,"Chopped tomatoes, tin",400,24,3.5,0.9
,,,,,,,30,4,Gravy granules,1,396,62.6,2.1
,,,,,,,,4,Stock pot,28,95,3.4,0.9
,,,,,,,0.5,,"Halo Top, salted caramel",473,68,14,
24/01/21,,,,,,,2,4,Salmon fillets,120,267,0.2,0
,,,,,,,,4,Cod loin fillets,250,98,0.2,0.2
,,,,,,,1400,4,"Mashed potato, frozen",1,103,15,1
,,,,,,,2,,"coffee black, 3g sugar",100,18,3,
,,,,,,,0.5,,"Halo Top, salted caramel",473,68,14,
25/01/21,,,,,,,2,,"coffee black, 3g sugar",100,18,3,
,,,,,,,,3,Beef mince,500,168,0.1,0
,,,,,,,,3,Onion,240,34.8,7.8,1.5
,,,,,,,,3,Pepper Orange,115,32,7.6,1.4
,,,,,,,100,3,Green beans,1,32,3.1,3.4
,,,,,,,4,3,"Bacon, rasher",26,229.2,0,
,,,,,,,500,3,"Pasta wholemeal, dry",1,348,75,0
26/01/21,,,,,,,135,,"Pasta wholemeal, dry",1,348,75,0
,,,,,,,,6,Onion,240,34.8,7.8,1.5
,,,,,,,,2,"Tomato, beef",200,20,3.1,1
,,,,,,,,2,"Sweetcorn, tin",165,77,11.8,2.5
,,,,,,,15,,salad,1,331,17.4,
,,,,,,,,,"Tuna, tin",160,113,0,0
,,,,,,,3,,After eight,8.6,431,73.9,
,,,,,,,1,,"Pear, ripe and ready",100,43,10.9,1.6
,,,,,,,10,,"Cherries, dried",1,328,77.9,2.5
27/01/21,,,,,,,2,,"coffee black, 3g sugar",100,18,3,
,,,,,,,,,Macaroni cheese,375,156,15.9,
,,,,,,,90,,"Pasta wholemeal, dry",1,348,75,0
,,,,,,,1,,"Pear, ripe and ready",100,43,10.9,1.6
,,,,,,,100,,macadamia nuts,1,772,5.3,
28/01/21,,,,,,,3,,"coffee black, 3g sugar",100,18,3,
,,,,,,,62,,Ryvita Thins,1,401,70.8,5.2
,,,,,,,,,Smoked salmon slices,100,204,1.1,0
,,,,,,,25,,"Goats cheese, french",1,291,1,
,,,,,,,100,2,salmon pate,1,273,7.5,
,,,,,,,,,Lurpak,10,516,0.4,0
,,,,,,,,3,Beef steaks,350,192,0.2,0.2
,,,,,,,75,3,Green beans,1,32,3.1,3.4
,,,,,,,4,3,"Mushroom, large",75,16,0.1,1.1
,,,,,,,1.7,3,Onion,240,34.8,7.8,1.5
,,,,,,,0.4,3,Crème fraiche,300,295,3,
,,,,,,,2,3,"Rice, Basmati micro",250,168,30.5,1.4
29/01/21,,,,,,,1,,"coffee black, 3g sugar",100,18,3,
,,,,,,,300,3,Jacket potato,1,76,16,1.8
,,,,,,,200,3,Carrots,1,41,9.6,2.8
,,,,,,,0.5,3,Coconut block,200,685,14,
,,,,,,,1,3,"Stock pot, chicken",28,160,26,0.7
,,,,,,,,3,Chicken breast fillets,640,137,0.2,0
,,,,,,,2.5,3,"Half sugar, half teaspoon",2,400,98.9,0
,,,,,,,,3,Thai Curry paste,54,76,11.3,
,,,,,,,,,"Rice, Basmati micro",250,168,30.5,1.4
,,,,,,,,2,Jude salted caramel ice cream,460,73,10.6,
30/01/21,,,,,,,2,,"coffee black, 3g sugar",100,18,3,
,,,,,,,2,3,Lamb steak,310,199,0.1,
,,,,,,,100,3,Cabbage,1,32,3.9,
,,,,,,,1,3,Leeks,166.7,27,2.8,
,,,,,,,,3,Mange tout/sweetcorn,200,62,5.9,
,,,,,,,200,3,Carrots,1,41,9.6,2.8
,,,,,,,3,,"Yorkshire pudding, small",18.3,248,41,2.8
,,,,,,,15,,Chocolate spoon lick,1,300,30,
,,,,,,,15,3,Butter,1,516,0.4,0
,,,,,,,2,,Oatflake choc crisp cake,100,250,12,
,,,,,,,56,,macadamia nuts,1,772,5.3,
01/02/21,,,,,,,3,,"coffee black, 3g sugar",100,18,3,
,,,,,,,2,3,Gammon steak,200,158,1,0.6
,,,,,,,2,,"Pineapple, slice",54,54,12.8,
,,,,,,,700,4,New potatoes,1,81,17.5,1.6
,,,,,,,2,3,Leeks,166.7,27,2.8,
,,,,,,,150,3,Cabbage,1,32,3.9,
,,,,,,,80,2,Broccoli,1,32,3.9,2.6
,,,,,,,50,3,Butter,1,516,0.4,0
,,,,,,,25,3,"Flour, plain",1,335,69.9,
,,,,,,,100,,"Milk, skimmed",1,37,5,0
,,,,,,,1,,Oatflake choc crisp cake,100,250,12,
03/02/21,,,,,,,3,,"coffee black, 3g sugar",100,18,3,
,,,,,,,,,Macaroni cheese,375,156,15.9,
,,,,,,,90,,"Pasta wholemeal, dry",1,348,75,0
,,,,,,,1,,Oatflake choc crisp cake,100,250,12,
04/02/21,,,,,,,2,,"coffee black, 3g sugar",100,18,3,
,,,,,,,2,3.5,"Rice, Basmati micro",250,168,30.5,1.4
,,,,,,,,3.5,Onion,240,34.8,7.8,1.5
,,,,,,,,3.5,Pepper Orange,115,32,7.6,1.4
,,,,,,,,3.5,Cod loin fillets,250,98,0.2,0.2
,,,,,,,,3.5,Salmon fillet,120,267,0.2,0
,,,,,,,100,3.5,Green beans,1,32,3.1,3.4
,,,,,,,0.5,3.5,Chicken breast fillets,640,137,0.2,0
,,,,,,,1,3.5,"Chopped tomatoes, tin",400,24,3.5,0.9
,,,,,,,,2,Jude salted caramel ice cream,460,73,10.6,
,,,,,,,2,,Oatflake choc crisp cake,100,250,12,
07/02/21,,,,,,,2,,"coffee black, 3g sugar",100,18,3,
,,,,,,,3,,ryvita dark rye,10,342,66.5,
,,,,,,,3,,Ryvita Thins,7,401,70.8,5.2
,,,,,,,100,2,salmon pate,1,273,7.5,
,,,,,,,66,,Smoked salmon slices,1,204,1.1,0
,,,,,,,25,,"Goats cheese, french",1,291,1,
,,,,,,,800,3,Oven chips,1,208,31,
,,,,,,,2,,Chicken mushroom pie,212,216,20.9,1.5
,,,,,,,100,3,Cabbage,1,32,3.9,
,,,,,,,2,3,Leeks,166.7,27,2.8,
,,,,,,,200,3,"Peas, frozen",1,85,10.8,5.6
,,,,,,,20,2,Gravy granules,1,396,62.6,2.1
08/02/21,,,,,,,2,,"coffee black, 3g sugar",100,18,3,
,,,,,,,,4,"chicken, roast",525,160,0.2,
,,,,,,,2,,"Yorkshire pudding, small",18.3,248,41,2.8
,,,,,,,30,3,Butter,1,516,0.4,0
,,,,,,,100,3,Cheddar,1,416,0.2,0
,,,,,,,300,3,"Milk, skimmed",1,37,5,0
,,,,,,,30,3,"Flour, plain",1,335,69.9,
,,,,,,,75,3,Parsnip,1,72,11.4,
,,,,,,,120,3,Carrots,1,41,9.6,2.8
,,,,,,,,3,Onion,240,34.8,7.8,1.5
,,,,,,,560,3,Cauliflower,1,25,5,
,,,,,,,120,2,Broccoli,1,32,3.9,2.6
,,,,,,,30,,"Stuffing, sage & onion",1,119,22.3,1.7
11/02/21,,,,,,,2,,"coffee black, 3g sugar",100,18,3,
,,,,,,,3,3,"Rice, Basmati micro",250,168,30.5,1.4
,,,,,,,,3,Chicken breast fillets,640,137,0.2,0
,,,,,,,,3,Thai Curry paste,45,76,11.3,
,,,,,,,,3,Chickpeas,240,122,16.5,6.1
,,,,,,,,3,Onion,240,34.8,7.8,1.5
,,,,,,,100,3,Green beans,1,32,3.1,3.4
,,,,,,,100,3,Carrots,1,41,9.6,2.8
,,,,,,,,3,Coconut Cream,250,219,4.5,0.2
,,,,,,,0.33,,"Halo Top, salted caramel",473,68,14,
12/02/21,,,,,,,1,,"coffee black, 3g sugar",100,18,3,
,,,,,,,900,4,"Mashed potatoes, pellet",1,103,15,1
,,,,,,,,4,Beef mince,500,168,0.1,0
,,,,,,,,4,Onion,240,34.8,7.8,1.5
,,,,,,,100,4,Green beans,1,32,3.1,3.4
,,,,,,,100,4,Peas,1,85,10.8,5.6
,,,,,,,,4,"Sweetcorn, tin",165,77,11.8,2.5
,,,,,,,3,4,Carrots,75,41,9.6,2.8
,,,,,,,1,4,"Stock pot, chicken",28,160,26,0.7
,,,,,,,10,4,Tomato puree,1,89,13.7,2.5
,,,,,,,150,3,Cabbage,1,32,3.9,
,,,,,,,1,3,Leeks,166.7,27,2.8,
,,,,,,,80,2,Broccoli,1,32,3.9,2.6
,,,,,,,100,,Cashew nuts,1,601,18.1,
,,,,,,,0.66,,"Halo Top, salted caramel",473,68,14,
13/02/21,,,,,,,6,,ryvita dark rye,10,342,66.5,
,,,,,,,50,,Smoked salmon slices,1,204,1.1,0
,,,,,,,100,2,salmon pate,1,273,7.5,
,,,,,,,,3,Beef steaks,500,192,0.2,0.2
,,,,,,,390,3,New potatoes,1,81,17.5,1.6
,,,,,,,,3,"Pepper, red",115,32,7.6,1.4
,,,,,,,,3,Onion,240,34.8,7.8,1.5
,,,,,,,150,3,Carrots,1,41,9.6,2.8
,,,,,,,30,3,Gravy granules,1,396,62.6,2.1
,,,,,,,1,3,"Stock pot, chicken",28,160,26,0.7
,,,,,,,1.5,,"coffee black, 3g sugar",100,18,3,
,,,,,,,50,,"cherries, with stones",1,58,13.4,
,,,,,,,1,,"Pear, ripe and ready",100,43,10.9,1.6
,,,,,,,2,,Nectarine,115,45,9,1.2
16/02/21,,,,,,,40,,macadamia nuts,1,772,5.3,
,,,,,,,345,3,"Pasta wholemeal, dry",1,348,75,0
,,,,,,,,3,Beef mince,500,168,0.1,0
,,,,,,,,3,Onion,240,34.8,7.8,1.5
,,,,,,,,3,Pepper Orange,115,32,7.6,1.4
,,,,,,,100,3,Green beans,1,32,3.1,3.4
,,,,,,,4,3,"Bacon, rasher",26,229.2,0,
,,,,,,,1,3,"Chopped tomatoes, tin",400,24,3.5,0.9
,,,,,,,1,,"coffee black, 3g sugar",100,18,3,
17/02/21,,,,,,,100,,macadamia nuts,1,772,5.3,
,,,,,,,2,,"Sugar, teaspoons",4,400,99.9,0
,,,,,,,100,,Rye/buckwheat bread,1,251,51,
,,,,,,,100,4,salmon pate,1,273,7.5,
,,,,,,,,2,"Tomato, beef",200,20,3.1,1
,,,,,,,2,3,"Rice, Basmati micro",250,168,30.5,1.4
,,,,,,,,3,Onion,240,34.8,7.8,1.5
,,,,,,,,3,Pepper Orange,115,32,7.6,1.4
,,,,,,,100,3,Green beans,1,32,3.1,3.4
,,,,,,,,3,Cod loin fillets,250,98,0.2,0.2
,,,,,,,2,3,Salmon fillets,120,267,0.2,0
,,,,,,,,2,Prawns,165,108,0.2,0
19/02/21,,,,,,,6,3,"Self-raising flour, ounce",28.4,335,69.9,3.7
,,,,,,,3,3,"Suet, ounce",28.4,816,10.7,
,,,,,,,,3,Chicken breast fillets,640,137,0.2,0
,,,,,,,120,3,Carrots,1,41,9.6,2.8
,,,,,,,,3,Onion,240,34.8,7.8,1.5
,,,,,,,1,3,Parsnip,100,72,11.4,
,,,,,,,100,3,Green beans,1,32,3.1,3.4
,,,,,,,75,3,"Peas, frozen",1,85,10.8,5.6
,,,,,,,2,3,Oxo cube,6,283,46.8,
,,,,,,,2,,"Sugar, tsp",4,400,99.9,0
,,,,,,,113,3,Clotted cream,1,586,2.3,
,,,,,,,2,,Small scone,70,343,45,
,,,,,,,2,3,"Potato, large",150,107,22.6,
,,,,,,,3,,"Jam strawberry conserve, tsp",10,297,78,
20/02/21,,,,,,,1,,"coffee black, 3g sugar",100,18,3,
,,,,,,,7,,ryvita dark rye,10,342,66.5,
,,,,,,,100,2,salmon pate,1,273,7.5,
,,,,,,,1,,"Philadelphia Lite, mini",35,150,5.2,0.4
,,,,,,,66,,Smoked salmon slices,1,204,1.1,0
,,,,,,,50,,"Goats cheese, french",1,291,1,
,,,,,,,,3,Beef joint,500,178,0.1,
,,,,,,,1,3,Parsnip,100,72,11.4,
,,,,,,,150,3,Carrots,1,41,9.6,2.8
,,,,,,,,3,Onion,240,34.8,7.8,1.5
,,,,,,,,3,Pepper Orange,115,32,7.6,1.4
,,,,,,,3,3,Leeks,166.7,27,2.8,
,,,,,,,180,3,Pak choi,1,22,1.9,
,,,,,,,3,,"Yorkshire pudding, small",18.3,248,41,2.8
,,,,,,,24,2,Gravy granules,1,396,62.6,2.1
,,,,,,,100,,macadamia nuts,1,772,5.3,
21/02/21,,,,,,,2,3,Gammon steak,200,158,1,0.6
,,,,,,,165,,New potatoes,1,81,17.5,1.6
,,,,,,,150,3,Cabbage,1,32,3.9,
,,,,,,,80,2,Broccoli,1,32,3.9,2.6
,,,,,,,100,3,Green beans,1,32,3.1,3.4
,,,,,,,30,3,Butter,1,516,0.4,0
,,,,,,,2,,"coffee black, 3g sugar",100,18,3,
,,,,,,,45,3,"Flour, plain",1,335,69.9,
,,,,,,,40,3,Butter,1,516,0.4,0
,,,,,,,313,3,"Milk, skimmed",1,37,5,0
,,,,,,,2,,Small scone,70,343,45,
,,,,,,,15,,Lurpak,1,516,0.4,0
,,,,,,,1.5,,"Jam strawberry conserve, tsp",10,297,78,
,,,,,,,10,,Dairy Milk,1,526,57.5,2.4
,,,,,,,2,,Fudge piece,10,451,74.9,
22/02/21,,,,,,,4,,ryvita dark rye,10,342,66.5,
,,,,,,,33,,Smoked salmon slices,1,204,1.1,0
,,,,,,,100,2,salmon pate,1,273,7.5,
,,,,,,,250,,Salt+pepper king prawns,1,216.3,15.3,0
,,,,,,,3,,Mini veggie spring rolls,48,184,25,
,,,,,,,2,,Chinese steamed buns,100,99,17.4,
,,,,,,,6,,Thai filo prawns,100,28,3,
23/02/21,,,,,,,150,,Rye/buckwheat bread,1,251,51,
,,,,,,,34,,Smooth Brussels pate,1,324,3.6,
,,,,,,,60,,Crunchy nut cereal,1,445,65,
,,,,,,,200,,"Milk, skimmed",1,37,5,0
,,,,,,,1,,"coffee black, 3g sugar",100,18,3,
,,,,,,,2,4,"Rice, Basmati micro",250,168,30.5,1.4
,,,,,,,,4,Red kidney beans,240,105,12.8,7.8
,,,,,,,,4,Pepper Orange,115,32,7.6,1.4
,,,,,,,,4,Onion,240,34.8,7.8,1.5
,,,,,,,,4,Beef mince,500,168,0.1,0
26/02/21,,,,,,,1.5,,"coffee black, 3g sugar",100,18,3,
,,,,,,,1,1,"Rice, Basmati micro",250,168,30.5,1.4
,,,,,,,,3,Chicken breast fillets,640,137,0.2,0
,,,,,,,550,3,New potatoes,1,81,17.5,1.6
,,,,,,,,3,Onion,240,34.8,7.8,1.5
,,,,,,,120,3,Carrots,1,41,9.6,2.8
,,,,,,,66,3,Green beans,1,32,3.1,3.4
,,,,,,,,3,Thai Curry paste,50,76,11.3,
,,,,,,,,3,Coconut milk,400,74,2.9,
,,,,,,,100,,pecans,1,704,5.8,
27/02/21,,,,,,,4,3,"Mushroom, large",75,16,0.1,1.1
,,,,,,,,3,Beef steaks,500,192,0.2,0.2
,,,,,,,,3,Onion,240,34.8,7.8,1.5
,,,,,,,5,,ryvita dark rye,10,342,66.5,
,,,,,,,100,,Smoked salmon slices,1,204,1.1,0
,,,,,,,100,,salmon pate,1,273,7.5,
,,,,,,,100,,pecans,1,704,5.8,
,,,,,,,2,3,"Rice, Basmati micro",250,168,30.5,1.4
,,,,,,,2,,"coffee black, 3g sugar",100,18,3,
11/03/21,,,,,,,2,,"coffee black, 3g sugar",100,18,3,
,,,,,,,,3,Chicken breast fillets,640,137,0.2,0
,,,,,,,,3,Onion,240,34.8,7.8,1.5
,,,,,,,0.33,3,Coconut cream,200,685,14,0.2
,,,,,,,180,3,Carrots,1,41,9.6,2.8
,,,,,,,,3,Thai Curry paste,40,76,11.3,
,,,,,,,90,3,Lentils,1,82,10.9,
,,,,,,,100,3,Green beans,1,32,3.1,3.4
,,,,,,,3,3,"Rice, Basmati micro",250,168,30.5,1.4
15/03/21,,,,,,,120,,"Pasta wholemeal, dry",1,348,75,0
,,,,,,,,,Macaroni cheese,375,156,15.9,
,,,,,,,80,,Broccoli,1,32,3.9,2.6
16/03/21,,,,,,,,3,Onion,240,34.8,7.8,1.5
,,,,,,,15,3,Olives,3.5,160,0.6,3.6
,,,,,,,140,3,rice,1,354,78.5,
,,,,,,,6,,ryvita dark rye,10,342,66.5,
,,,,,,,67,,"Goats cheese, french",1,291,1,
,,,,,,,0.66,,"Philadelphia Lite, mini",35,150,5.2,0.4
,,,,,,,100,3,Smoked salmon slices,1,204,1.1,0
,,,,,,,2,,"coffee black, 3g sugar",100,18,3,
,,,,,,,100,3,"Sundried tomato, small",1,213,23,6
,,,,,,,,3,Jude salted caramel ice cream,460,73,10.6,
,,,,,,,100,,macadamia nuts,1,772,5.3,
17/03/21,,,,,,,6,,ryvita dark rye,10,342,66.5,
,,,,,,,2,3,"Rice, Basmati micro",250,168,30.5,1.4
,,,,,,,,4,Red kidney beans,240,105,12.8,7.8
,,,,,,,,4,Onion,240,34.8,7.8,1.5
,,,,,,,,4,"Pepper, red",115,32,7.6,1.4
,,,,,,,1,4,"Chopped tomatoes, tin",400,24,3.5,0.9
,,,,,,,1,,"coffee black, 3g sugar",100,18,3,
,,,,,,,,3,Jude salted caramel ice cream,460,73,10.6,
,,,,,,,100,2,macadamia nuts,1,772,5.3,
,,,,,,,,,"Banana, small",60,103,23.2,1.1
19/03/21,,,,,,,4,,Sausages,56.6,211,3.7,0.9
,,,,,,,825,3,"Mashed potato, frozen",1,103,15,1
,,,,,,,3,,"coffee black, 3g sugar",100,18,3,
,,,,,,,3,3,Leeks,166.7,27,2.8,
,,,,,,,150,3,Cabbage,1,32,3.9,
,,,,,,,180,3,Pak choi,1,22,1.9,
,,,,,,,24,2,Gravy granules,1,396,62.6,2.1
,,,,,,,100,2,macadamia nuts,1,772,5.3,
21/03/21,,,,,,,6,,ryvita dark rye,10,342,66.5,
,,,,,,,2,,"Ham, slice",34.5,110,1.7,0
,,,,,,,2,,"coffee black, 3g sugar",100,18,3,
,,,,,,,,3,lamb steak,620,199,0.1,
,,,,,,,250,3,Carrots,1,41,9.6,2.8
,,,,,,,,3,Onion,240,34.8,7.8,1.5
,,,,,,,3,,"Yorkshire pudding, small",18.3,248,41,2.8
,,,,,,,20,,Butter,1,516,0.4,0
,,,,,,,24,2,Gravy granules,1,396,62.6,2.1
,,,,,,,100,3,"Cabbage, white",1,32,5,2.1
,,,,,,,2,3,Leeks,166.7,27,2.8,
,,,,,,,150,3,Green beans,1,32,3.1,3.4
,,,,,,,65,2,Broccoli,1,32,3.9,2.6
30/03/21,,,,,,,2,,Hot cross buns,57.8,280,47.6,
,,,,,,,6,,ryvita dark rye,10,342,66.5,
,,,,,,,1,,"Philadelphia Lite, mini",35,150,5.2,0.4
,,,,,,,100,3,Smoked salmon slices,1,204,1.1,0
,,,,,,,50,,"Goats cheese, french",1,291,1,
,,,,,,,2,3,"Rice, Basmati micro",250,168,30.5,1.4
,,,,,,,,3,Beef steaks,500,192,0.2,0.2
,,,,,,,2,,"coffee black, 3g sugar",100,18,3,
,,,,,,,100,3,Green beans,1,32,3.1,3.4
,,,,,,,4,3,"Mushroom, large",75,16,0.1,1.1
,,,,,,,,3,Onion,240,34.8,7.8,1.5
,,,,,,,1,3,"Stock pot, chicken",28,160,26,0.7
,,,,,,,0.3,3,Crème fraiche,300,295,3,
,,,,,,,100,,macadamia nuts,1,772,5.3,
31/03/21,,,,,,,2,3,"Rice, Basmati micro",250,168,30.5,1.4
,,,,,,,,3,Beef mince,500,168,0.1,0
,,,,,,,,3,Pepper Orange,115,32,7.6,1.4
,,,,,,,,3,Onion,240,34.8,7.8,1.5
,,,,,,,,3,Red kidney beans,240,105,12.8,7.8
,,,,,,,1,3,"Chopped tomatoes, tin",400,24,3.5,0.9
,,,,,,,5,3,Sugar,1,400,99.9,0
,,,,,,,0.3,3,Crème fraiche,300,295,3,
,,,,,,,,,Grapes (10),30,75,17,0
,,,,,,,,3,Ocado part baked baguette,150,259,54,
,,,,,,,,3,M&S pasta salad,380,179,16.1,
,,,,,,,2,,"coffee black, 3g sugar",100,18,3,
02/04/21,,,,,,,2,,Hot cross buns,57.8,280,47.6,
,,,,,,,1,2,"Rice, Basmati micro",250,168,30.5,1.4
,,,,,,,,4,Chicken breast fillets,640,137,0.2,0
,,,,,,,120,4,Carrots,1,41,9.6,2.8
,,,,,,,100,4,Green beans,1,32,3.1,3.4
,,,,,,,525,4,Jacket potato,1,76,16,1.8
,,,,,,,,4,Onion,240,34.8,7.8,1.5
,,,,,,,,4,Thai Curry paste,45,76,11.3,
,,,,,,,,,rice krispies cake,100,85,12,
06/04/21,,,,,,,2,,"coffee black, 3g sugar",100,18,3,
,,,,,,,,4,Beef mince,500,168,0.1,0
,,,,,,,,4,Onion,240,34.8,7.8,1.5
,,,,,,,,4,"Pepper, yellow",115,32,7.6,1.4
,,,,,,,100,4,Green beans,1,32,3.1,3.4
,,,,,,,4,4,"Bacon, rasher",26,229.2,0,
,,,,,,,30,4,Olive oil,1,823,0,0
,,,,,,,1,4,"Chopped tomatoes, tin",400,24,3.5,0.9
,,,,,,,135,,"Spaghetti, dry",1,355.6,72.2,3.1
07/04/21,,,,,,,2,3,Egg fried rice,300,163,31,1.1
09/04/21,,,,,,,2,,"coffee black, 3g sugar",100,18,3,
,,,,,,,4,,Sausages,56.6,211,3.7,0.9
,,,,,,,3,3,Eggs,50,143,0.7,0
,,,,,,,1.5,3,"Milk, skimmed",175,37,5,0
,,,,,,,210,3,Self-raising flour,1,335,69.9,3.7
11/04/21,,,,,,,5,,ryvita dark rye,10,342,66.5,
,,,,,,,25,,"Goats cheese, french",1,291,1,
,,,,,,,100,3,Smoked salmon slices,1,204,1.1,0
,,,,,,,1,,"Philadelphia Lite, mini",35,150,5.2,0.4
,,,,,,,2,,"coffee black, 3g sugar",100,18,3,
,,,,,,,50,4,"Flour, plain",1,335,69.9,
,,,,,,,600,3,"Mashed potato, frozen",1,103,15,1
,,,,,,,2,4,Gammon steak,200,158,1,0.6
,,,,,,,120,3,Carrots,1,41,9.6,2.8
,,,,,,,500,4,"Milk, skimmed",1,37,5,0
,,,,,,,180,3,Green beans,1,32,3.1,3.4
,,,,,,,100,,pecans,1,704,5.8,
,,,,,,,400,4,Peas,1,85,10.8,5.6
12/04/21,,,,,,,2,,"coffee black, 3g sugar",100,18,3,
,,,,,,,6,,ryvita dark rye,10,342,66.5,
,,,,,,,100,,"Goats cheese, french",1,291,1,
,,,,,,,2,,Hot cross buns,57.8,280,47.6,
,,,,,,,20,,Lurpak,1,516,0.4,0
,,,,,,,,3,Cottage cheese,300,75,6.4,0.1
,,,,,,,50,,Cucumber,1,15,3.6,0.5
,,,,,,,100,,Lettuce iceberg,1,14,1.3,1.3
,,,,,,,70,,Coleslaw,1,181,5.4,1.5
,,,,,,,2,,"Ham, slice",34.5,110,1.7,0
,,,,,,,,2,"Tomato, beef",200,20,3.1,1
,,,,,,,,4,Pepper Orange,115,32,7.6,1.4
,,,,,,,100,,macadamia nuts,1,772,5.3,
13/04/21,,,,,,,2,,"coffee black, 3g sugar",100,18,3,
,,,,,,,3,4,"Rice, Basmati micro",250,168,30.5,1.4
,,,,,,,,4,Beef steaks,500,192,0.2,0.2
,,,,,,,,4,Onion,240,34.8,7.8,1.5
,,,,,,,4,4,"Mushroom, large",75,16,0.1,1.1
,,,,,,,100,4,Green beans,1,32,3.1,3.4
,,,,,,,0.3,3,Crème fraiche,300,295,3,
,,,,,,,,,Jude mini vanilla ice cream,95,73,10.4,
,,,,,,,,,"Banana, small",60,103,23.2,1.1
,,,,,,,1,,"Pear, ripe and ready",100,43,10.9,1.6
,,,,,,,100,,macadamia nuts,1,772,5.3,
14/04/21,,,,,,,1,,"coffee black, 3g sugar",100,18,3,
,,,,,,,6,,ryvita dark rye,10,342,66.5,
,,,,,,,1,,"Philadelphia Lite, mini",35,150,5.2,0.4
,,,,,,,200,3,Smoked salmon slices,1,204,1.1,0
,,,,,,,50,,"Goats cheese, french",1,291,1,
,,,,,,,100,,"Pasta wholemeal, dry",1,348,75,0
,,,,,,,,4,Beef mince,500,168,0.1,0
,,,,,,,,4,Onion,240,34.8,7.8,1.5
,,,,,,,,4,Pepper Orange,115,32,7.6,1.4
,,,,,,,100,4,Green beans,1,32,3.1,3.4
,,,,,,,4,4,"Bacon, rasher",26,229.2,0,
,,,,,,,1,3,"Stock pot, chicken",28,160,26,0.7
,,,,,,,1,4,"Chopped tomatoes, tin",400,24,3.5,0.9
,,,,,,,,2,"Tomato, beef",200,20,3.1,1
,,,,,,,,2,Pepper Orange,115,32,7.6,1.4
16/04/21,,,,,,,4,4,"Rice, Basmati micro",250,168,30.5,1.4
,,,,,,,,3,Jude salted caramel ice cream,460,73,10.6,
,,,,,,,,5,Chickpeas,240,122,16.5,6.1
30/04/21,,,,,,,,2.1,Chicken breast fillets,640,137,0.2,0
,,,,,,,100,2.1,Carrots,1,41,9.6,2.8
,,,,,,,,2.1,Onion,240,34.8,7.8,1.5
,,,,,,,100,2.1,Green beans,1,32,3.1,3.4
,,,,,,,,2.1,New Potatoes in herb butter,385,75,11.1,1.9
,,,,,,,4,4,"Rice, Basmati micro",250,168,30.5,1.4
,,,,,,,,2,Thai Curry paste,45,76,11.3,
,,,,,,,1,2.1,"Stock pot, chicken",28,160,26,0.7
,,,,,,,2.5,,"coffee black, 3g sugar",100,18,3,
01/05/21,,,,,,,6,,ryvita dark rye,10,342,66.5,
,,,,,,,20,,Lurpak,1,516,0.4,0
,,,,,,,40,,Cheddar,1,416,0.2,0
,,,,,,,5,,Pickle,1,159,35,
,,,,,,,1,,Chicken mushroom pie,212,216,20.9,1.5
,,,,,,,438,2,Oven chips,1,208,31,
,,,,,,,2,,"coffee black, 3g sugar",100,18,3,
,,,,,,,100,2,Cabbage,1,32,3.9,
,,,,,,,100,2,Pak choi,1,22,1.9,
,,,,,,,2,2,Leeks,166.7,27,2.8,
02/05/21,,,,,,,2,,"Bread, 50/50",39,234,41.9,4.7
,,,,,,,,,"Mini caramel waffles, packet 20",160,450,61,1
,,,,,,,90,,"Pasta wholemeal, dry",1,348,75,0
,,,,,,,,3,Beef mince,500,168,0.1,0
,,,,,,,,3,Onion,240,34.8,7.8,1.5
,,,,,,,100,3,Green beans,1,32,3.1,3.4
,,,,,,,,3,Pepper Orange,115,32,7.6,1.4
,,,,,,,1,3,"Chopped tomatoes, tin",400,24,3.5,0.9
,,,,,,,4,3,"Bacon, rasher",26,229.2,0,
03/05/21,,,,,,,2,,"coffee black, 3g sugar",100,18,3,
,,,,,,,1,,"Coffee, milk, sugar",100,49,8.2,
,,,,,,,9,,ryvita dark rye,10,342,66.5,
,,,,,,,150,,"Goats cheese, french",1,291,1,
,,,,,,,100,2,Carrots,1,41,9.6,2.8
,,,,,,,0.96,2,"Sweetcorn, tin",165,77,11.8,2.5
,,,,,,,80,2,Pepper Orange,1,32,7.6,1.4
,,,,,,,4,2,"Ham, slice",34.5,110,1.7,0
,,,,,,,108,2,Cucumber,1,15,3.6,0.5
,,,,,,,,2,"Tomato, beef",180,20,3.1,1
,,,,,,,280,2,Lettuce iceberg,1,14,1.3,1.3
,,,,,,,,2,Cottage cheese,300,75,6.4,0.1
,,,,,,,,2,Coleslaw mini pot,180,181,5.4,
,,,,,,,,,Jude mini vanilla ice cream,95,73,10.4,
04/05/21,,,,,,,,3,Beef joint,500,178,0.1,
,,,,,,,3,,"Yorkshire pudding, small",18.3,248,41,2.8
,,,,,,,75,,Parsnip,1,72,11.4,
,,,,,,,200,4,Peas,1,85,10.8,5.6
,,,,,,,2,3,Leeks,166.7,27,2.8,
,,,,,,,100,3,Cabbage,1,32,3.9,
,,,,,,,24,2,Gravy granules,1,396,62.6,2.1
,,,,,,,,3,Onion,240,34.8,7.8,1.5
,,,,,,,150,2,Carrots,1,41,9.6,2.8
,,,,,,,,,Mozzarella+tomato panini,145,241.4,29,2.1
,,,,,,,2,,"coffee black, 3g sugar",100,18,3,
20/05/21,,,,,,,70,4,"Mashed potatoes, pellet",14,103,15,1
,,,,,,,,4,Onion,240,34.8,7.8,1.5
,,,,,,,,4,Beef mince,500,168,0.1,0
,,,,,,,50,4,Green beans,1,32,3.1,3.4
,,,,,,,,4,"Sweetcorn, tin",165,77,11.8,2.5
,,,,,,,150,4,Peas,1,85,10.8,5.6
,,,,,,,150,4,Carrots,1,41,9.6,2.8
30/05/21,,,,,,,25,,Bran Flakes,1,363,67.1,4.1
,,,,,,,120,,"Milk, skimmed",1,37,5,0
17/08/21,,,,,,,90,,Protein granola,1,512,34.3,6.5
,,,,,,,90,,Blackberries,1,43,10,5
,,,,,,,0.85,,Activia vanilla yoghurt,110,98,12.8,0.1
,,,,,,,,,Lamb moussake,400,144,7.9,0.8
,,,,,,,6,,ryvita dark rye,10,342,66.5,15
,,,,,,,1,,"Philadelphia Lite, mini",35,150,5.2,0.4
,,,,,,,50,,Chavroux goat's cheese,1,336,1,0
,,,,,,,,,Grapes (10),65,75,17,0
,,,,,,,,,Blanched almonds,100,649,6.9,6.2
19/08/21,,,,,,,,,Activia vanilla yoghurt,110,98,12.8,0.1
,,,,,,,100,,Blackberries,1,43,10,5
,,,,,,,70,,Protein granola,1,512,34.3,6.5
,,,,,,,2,,"coffee black, 3g sugar",100,18,3,0
,,,,,,,250,2,Cauliflower,1,25,5,1.8
,,,,,,,100,2,Broccoli,1,32,3.9,2.6
,,,,,,,75,2,Cabbage,1,32,3.9,3.1
,,,,,,,210,3,"Flour, plain",1,335,69.9,3.5
,,,,,,,12,3,Chipolata sausages,31,323,1.3,0.9
,,,,,,,3,3,Eggs,50,143,0.7,0
,,,,,,,260,3,"Milk, skimmed",1,37,5,0
,,,,,,,2,,Ivory chocolates,5.5,535,59,3.4
22/08/21,,,,,,,4,,ryvita dark rye,10,342,66.5,15
,,,,,,,50,,"Goats cheese, french",1,291,1,0
,,,,,,,2,,"Ham, slice",34.5,110,1.7,0
,,,,,,,30,,Grapes,3,75,17,0.7
27/08/21,,,,,,,438,2,Oven chips,1,208,31,2.3
,,,,,,,1,,Chicken mushroom pie,212,216,20.9,1.9
,,,,,,,80,2,Carrots,1,41,9.6,2.8
,,,,,,,,2,Ben/Jerry Cookie Dough,465,270,31,0
28/08/21,,,,,,,4,,"Bread, granary",38,256,46.4,3.7
,,,,,,,,2,"Tomato, beef",200,20,3.1,1
,,,,,,,0.5,,Chicken breast,160,137,0.2,0
,,,,,,,2,,"Marmalade, tsp",5,264,64.6,1.6
,,,,,,,2,,Grapes (10),30,75,17,0
,,,,,,,,2,Chicken Sausages,340,129,1.6,0
,,,,,,,2,2,Eggs,50,143,0.7,0
,,,,,,,140,2,"Flour, plain",1,335,69.9,3.5
,,,,,,,175,2,"Milk, skimmed",1,37,5,0
,,,,,,,75,2,Cabbage,1,32,3.9,3.1
,,,,,,,120,2,Green beans,1,32,3.1,3.4
,,,,,,,150,2,Broccoli,1,32,3.9,2.6
,,,,,,,8,,Gravy granules,10,43.4,4.2,0.2
,,,,,,,,2,Ben/Jerry Cookie Dough,465,270,31,0
29/08/21,,,,,,,85,,Protein granola,1,512,34.3,6.5
,,,,,,,100,,Banana,1,103,23.2,1.1
,,,,,,,100,,Activia vanilla yoghurt,1,98,12.8,0.1
,,,,,,,,2,Pepper Orange,115,32,7.6,1.4
,,,,,,,,2,Onion,240,34.8,7.8,1.5
,,,,,,,,2,"Tomato, beef",200,20,3.1,1
,,,,,,,184,2,"Peas, frozen",1,85,10.8,5.6
,,,,,,,124,2,Carrots,1,41,9.6,2.8
,,,,,,,40,,Broccoli,1,32,3.9,2.6
,,,,,,,1,2,Gammon steak,200,158,1,0.6
,,,,,,,6,,ryvita dark rye,10,342,66.5,15
,,,,,,,2.5,,"Ham, slice",34.5,110,1.7,0
,,,,,,,100,,"Goats cheese, french",1,291,1,0
,,,,,,,2,,Grapes (10),30,75,17,0
30/08/21,,,,,,,100,,"Milk, skimmed",1,37,5,0
,,,,,,,75,,Protein granola,1,512,34.3,6.5
,,,,,,,100,,"Pear, ripe and ready",1,57,11.6,1.6
29/09/21,,,,,,,,2,Apple,100,57,11.6,0
,,,,,,,1,2,"Pear, ripe and ready",100,43,10.9,1.6
,,,,,,,,2,Orange,150,40,7.8,2.4
,,,,,,,35,,"Cheddar, grated",1,416,0.2,0
,,,,,,,,2,"Sweetcorn, tin",165,77,11.8,2.5
,,,,,,,,,Mediterranean Vegetable pasta,380,91,15.5,1.7
,,,,,,,,,"Rice pudding, Ambrosia",125,94,15.9,0.2
,,,,,,,,,Greek yoghurt with honey,100,141,13.7,0
30/09/21,,,,,,,,2,Apple,100,57,11.6,0
,,,,,,,1,2,"Pear, ripe and ready",100,43,10.9,1.6
,,,,,,,,2,Pepper Orange,115,32,7.6,1.4
,,,,,,,,,Greek yoghurt with honey,100,141,13.7,0
,,,,,,,50,,Lizi granola,1,450,44,6.7
,,,,,,,2,,"Eggs, omelette",49.7,145,4.4,0
,,,,,,,,,"Bacon, rasher",26,229.2,0,1
,,,,,,,,2,"Baked beans, tin",415,78,12.5,3.6
,,,,,,,,,Black Daal,250,130,13,3.9
,,,,,,,,2,"Rice, Basmati micro",250,168,30.5,1.4
,,,,,,,112,,Ben&Jerry Phish Food,1,273,35,0
01/10/21,,,,,,,,2,"Tomato, beef",200,20,3.1,1
,,,,,,,2.25,,"Eggs, omelette",49.7,145,4.4,0
,,,,,,,2,,"Ham, slice",34.5,110,1.7,0
,,,,,,,80,,"Goats cheese, french",1,291,1,0
,,,,,,,2,,"Half sugar, flat teaspoon",6,400,99.9,0
,,,,,,,80,,"Pasta wholemeal, dry",1,348,75,0
,,,,,,,,2,"Chopped tomatoes, tin",400,24,3.5,0.9
,,,,,,,,2,"Sweetcorn, tin",165,77,11.8,2.5
,,,,,,,200,2,Green beans,1,32,3.1,3.4
,,,,,,,50,,Cheddar,1,416,0.2,0
,,,,,,,,,"Oranges, easy peelers",60,43,9.1,0
02/10/21,,,,,,,2,,hula hoops,24,503,66,5
,,,,,,,,4,Egg fried rice,300,163,31,1.1
,,,,,,,,4,"Foo Yong, mushroom",300,115,4,1
,,,,,,,,,"Half sugar, flat teaspoon",6,400,99.9,0
,,,,,,,6,,Grapes,3,75,17,0.7
03/10/21,,,,,,,,4,"Foo Yong, mushroom",300,115,4,1
,,,,,,,,4,Egg fried rice,300,163,31,1.1
,,,,,,,,10,Curry sauce,198,31.3,1.4,0
,,,,,,,30,,Broccoli,1,32,3.9,2.6
,,,,,,,,3,Leeks,166.7,27,2.8,5
,,,,,,,50,2,Green beans,1,32,3.1,3.4
,,,,,,,4,3,Pak choi,100,22,1.9,5
,,,,,,,,,Jacket potato,180,93,21,1.8
,,,,,,,,,Lurpak,5,516,0.4,0
,,,,,,,25,,"Cheddar, grated",1,416,0.2,0
,,,,,,,,,"Half sugar, flat teaspoon",6,400,99.9,0
,,,,,,,,,Banana,55,103,23.2,1.1
,,,,,,,,,Muller light lemon yoghurt,120,255,7.5,0
04/10/21,,,,,,,,2,Chicken noodle soup,600,44,5.6,0.2
,,,,,,,1,,Tassimo hot chocolate,215,56,9.5,0
,,,,,,,,,"Half sugar, flat teaspoon",6,400,99.9,0
,,,,,,,,2,"Rice, Basmati micro",250,168,30.5,1.4
,,,,,,,,,Masala spinach dal,300,119,14.7,0.1
,,,,,,,,,Grapes (15),45,75,17,0
05/10/21,,,,,,,3,,"Eggs, omelette",49.7,145,4.4,0
,,,,,,,80,,"Goats cheese, french",1,291,1,0
,,,,,,,,,"Fish pie, Sainsburys",450,117,10.6,0.9
,,,,,,,200,2,Peas,1,85,10.8,5.6
,,,,,,,,,Mince pie,54,397,64.2,2.1
06/10/21,,,,,,,,2,Chicken noodle soup,600,44,5.6,0.2
,,,,,,,,,GCK cookies+cream,60,362,22.7,11.1
07/10/21,,,,,,,,,"Big soup, chicken & veg",400,50,7.4,5
,,,,,,,,,Sainsburys Med Veg Pasta,380,91,15.5,1.7
,,,,,,,,,"Sweetcorn, tin",165,77,11.8,2.5
,,,,,,,,,Muller light lemon yoghurt,120,255,7.5,0
,,,,,,,,,GCK dark choc + raspberry,60,365,30,5
08/10/21,,,,,,,,2,"Soup, tomato & basil",600,35,5,1.2
,,,,,,,,,Macaroni cheese (Coop),350,205,19,1.3
,,,,,,,400,2,Cauliflower,1,25,5,1.8
,,,,,,,,,Muller light lemon yoghurt,120,255,7.5,0
,,,,,,,,,GCK Peanut Nutter,60,373,26,12
09/10/21,,,,,,,,2,"Soup, tomato & basil",600,35,5,1.2
,,,,,,,,,Cod in batter (half eaten),100,444,10,4
,,,,,,,2,,Pacific salmon fishcakes,85,202,18.1,0.9
,,,,,,,,,"Cake, slice",50,297,58,1
10/10/21,,,,,,,,,"Half sugar, half teaspoon",6,400,99.9,0
,,,,,,,,,Macaroni cheese,375,156,15.9,2.6
,,,,,,,2,,"Cake, slice",50,297,58,1
11/10/21,,,,,,,,2,"Broth, chicken+vegetable",600,36,2.7,0.6
,,,,,,,,,GCK salted caramel,60,376,34,4.1
,,,,,,,,,"Fish pie, Sainsburys",400,117,10.7,1
,,,,,,,150,,"Peas, frozen",1,85,10.8,5.6
12/10/21,,,,,,,1.8,,"Bread, white",37.5,234,41.9,4.7
,,,,,,,,4,"Tuna, tin",160,113,0,0
,,,,,,,,,"Half sugar, half teaspoon",2.5,400,98.9,0
,,,,,,,,,Flower white salted caramel,20,473,71.4,0
,,,,,,,2,4,"Rice, Basmati micro",250,168,30.5,1.4
,,,,,,,,4,Onion,240,34.8,7.8,1.5
,,,,,,,,4,Pepper Orange,115,32,7.6,1.4
,,,,,,,100,4,Green beans,1,32,3.1,3.4
,,,,,,,,4,Cod loin fillets,250,98,0.2,0.2
,,,,,,,2,4,Salmon fillets,120,267,0.2,0
,,,,,,,,4,"Chopped tomatoes, tin",400,24,3.5,0.9
,,,,,,,,4,Chorizo,75,338,1.1,0
,,,,,,,,,Greek yoghurt with honey,100,141,13.7,0
,,,,,,,,,"Banana, small",60,103,23.2,1.1
13/10/21,,,,,,,,2,Soup chicken/vegetable,600,36,2.7,5.1
,,,,,,,,,GCK caramel chaos,60,357,23,11
,,,,,,,,,GCK choc mint,60,357,23,12
,,,,,,,,0.833,"Baked beans, tin",415,78,12.5,3.6
,,,,,,,50,,"Cheddar, grated",1,416,0.2,0
,,,,,,,,,Jacket potato,175,93,21,1.8
14/10/21,,,,,,,,,"Half sugar, half teaspoon",2,400,98.9,0
,,,,,,,,,Lentil Tarka Dal,400,100,11,3.5
,,,,,,,0.66,,"Rice, Basmati micro",250,168,30.5,1.4
,,,,,,,,,GCK birthday cake,60,363,30,3
15/10/21,,,,,,,,,"Half sugar, half teaspoon",2,400,98.9,0
,,,,,,,,,"Half sugar, flat teaspoon",5,400,99.9,0
,,,,,,,125,3,Broccoli,1,32,3.9,2.6
,,,,,,,,3,Leeks,166.7,27,2.8,5
,,,,,,,75,3,Cabbage,1,32,3.9,3.1
,,,,,,,3,3,Carrots,100,41,9.6,2.8
,,,,,,,66,3,Green beans,1,32,3.1,3.4
,,,,,,,,3,Onion,240,34.8,7.8,1.5
,,,,,,,20,3,Butter,1,516,0.4,0
,,,,,,,2,3,"Stock pot, chicken",28,160,26,0.7
,,,,,,,3,,"Mushroom, large",100,16,0.1,1.1
,,,,,,,3,3,"Eggs, omelette",49.7,145,4.4,0
,,,,,,,60,,Broccoli,1,32,3.9,2.6
,,,,,,,25,2,Green beans,1,32,3.1,3.4
,,,,,,,210,3,"Flour, plain",1,335,69.9,3.5
,,,,,,,250,3,"Milk, skimmed",1,37,5,0
,,,,,,,10,2,Gravy granules,1,396,62.6,2.1
,,,,,,,40,3,Olive oil,1,823,0,0
16/10/21,,,,,,,,,"Soup, veg, home-made",300,59,8.5,3.2
,,,,,,,,,GCK fudge brownie,60,366,25,11
,,,,,,,,,Jacket potato,175,76,16,1.8
,,,,,,,,2,"Baked beans, tin",415,78,12.5,3.6
,,,,,,,50,,"Cheddar, grated",1,416,0.2,0
,,,,,,,,,GCK white choc cookie,60,358,25,10
17/10/21,,,,,,,56,,Grapes,1,66,15.4,0.7
,,,,,,,,,"Banana, small",33,103,23.2,1.1
,,,,,,,,,"Pear, ripe and ready",49,43,10.9,1.6
,,,,,,,,,Nectarine,53,45,9,1.2
,,,,,,,,,Apple,47,57,11.6,0
,,,,,,,,,Orange,70,40,7.8,2.4
,,,,,,,,,Blanched almonds,18,649,6.9,6.2
,,,,,,,0.95,,Greek yoghurt with honey,100,141,13.7,0
19/10/21,,,,,,,200,,Jacket potato,1,76,16,1.8
,,,,,,,,2,"Baked beans, tin",415,78,12.5,3.6
,,,,,,,50,,"Cheddar, grated",1,416,0.2,0
,,,,,,,,,"Half sugar, half teaspoon",2,400,98.9,0
,,,,,,,0.95,,Greek yoghurt with honey,100,141,13.7,0
,,,,,,,1,3,"Pear, ripe and ready",100,43,10.9,1.6
,,,,,,,,2,Orange,100,40,10.4,2
,,,,,,,,2,Apple,100,57,11.6,0
,,,,,,,,2,Nectarine,115,45,9,1.2
,,,,,,,,2,Lentil Spinach Dahl Soup,600,65,6.9,2.8
20/10/21,,,,,,,,2,Lentil Spinach Dahl Soup,600,65,6.9,2.8
,,,,,,,2,4,"Rice, Basmati micro",250,168,30.5,1.4
,,,,,,,,4,"Chopped tomatoes, tin",400,24,3.5,0.9
,,,,,,,,4,"Tomato, beef",200,20,3.1,1
,,,,,,,100,2,Lettuce iceberg,1,14,1.3,1.3
,,,,,,,60,2,Cucumber,1,15,3.6,0.5
,,,,,,,,4,Cod loin fillets,250,98,0.2,0.2
,,,,,,,2,4,Salmon fillets,120,267,0.2,0
,,,,,,,,4,Pepper Orange,115,32,7.6,1.4
,,,,,,,,4,Onion,240,34.8,7.8,1.5
,,,,,,,,,Shortbread biscuit,12.5,520,64,1
,,,,,,,,,Muller light lemon yoghurt,120,255,7.5,0
21/10/21,,,,,,,0.9,,Costa red berries slushy,530,42,9.4,0
,,,,,,,,,Macaroni cheese,375,156,15.9,2.6
,,,,,,,,,Shortbread biscuit,12.5,520,64,1
,,,,,,,0.95,,Greek yoghurt with honey,100,141,13.7,0
24/10/21,,,,,,,,,Onion,240,34.8,7.8,1.5
,,,,,,,4,4,Eggs,50,143,0.7,0
,,,,,,,280,4,"Flour, plain",1,335,69.9,3.5
,,,,,,,350,4,"Milk, skimmed",1,37,5,0
,,,,,,,2,,"Mushroom, large",75,16,0.1,1.1
,,,,,,,60,,Broccoli,1,32,3.9,2.6
,,,,,,,45,,Green beans,1,32,3.1,3.4
,,,,,,,,,GCK cookie dough,60,364,28,11
,,,,,,,3,,"Eggs, scrambled",50,143,0.7,0
,,,,,,,1,,"Toast, slice",39,234,41.9,4.7
,,,,,,,,,"Half sugar, flat teaspoon",6,400,99.9,0
25/10/21,,,,,,,2,,Pacific salmon fishcakes,85,202,18.1,0.9
,,,,,,,75,,Halloumi cheese,1,328,0.9,0
,,,,,,,70,,"Peas, frozen",1,85,10.8,5.6
,,,,,,,,,GCK Peanut Nutter,60,373,26,12
,,,,,,,,,Soup,300,41,5.6,1.2
,,,,,,,50,,Pretzels,1,426,74,2.9
26/10/21,,,,,,,,,Macaroni cheese (Coop),350,205,19,1.3
,,,,,,,,,"Banana, small",60,103,23.2,1.1
,,,,,,,,,Greek yoghurt Oykos,110,138,12.5,0.4
,,,,,,,,2,Soup,600,37,4.9,1.5
,,,,,,,,,GCK caramel chaos,60,357,23,11
,,,,,,,,,Tassimo gingerbread latte,310,27,3.3,0.1
27/10/21,,,,,,,,2,Lentil Spinach Dahl Soup,600,65,6.9,2.8
,,,,,,,5,,"Milk, skimmed",1,37,5,0
,,,,,,,,2,Cod loin fillets,250,98,0.2,0.2
,,,,,,,1,,Salmon fillets,120,267,0.2,0
,,,,,,,50,,Broccoli,1,32,3.9,2.6
,,,,,,,35,,Green beans,1,32,3.1,3.4
,,,,,,,2,2,Leeks,166.7,27,2.8,5
,,,,,,,,,GCK salted peanut,60,403,32,4.1
,,,,,,,175,,Jacket potato,1,76,16,1.8
,,,,,,,10,,Lurpak,1,516,0.4,0
28/10/21,,,,,,,,,Tassimo gingerbread latte,310,27,3.3,0.1
,,,,,,,,2,Lentil Spinach Dahl Soup,600,65,6.9,2.8
,,,,,,,,,GCK fudge brownie,60,366,25,11
,,,,,,,,,Macaroni cheese (Coop),350,205,19,1.3
,,,,,,,,2,"Tomato, beef",200,20,3.1,1
,,,,,,,100,2,Lettuce iceberg,1,14,1.3,1.3
,,,,,,,60,2,Cucumber,1,15,3.6,0.5
29/10/21,,,,,,,,,"Chunky chicken, tin",400,140,3.9,0.4
,,,,,,,,,"Fish pie, Sainsburys",400,117,10.7,1
,,,,,,,80,,"Peas, frozen",1,85,10.8,5.6
,,,,,,,,2,"Rice, Basmati micro",250,168,30.5,1.4
,,,,,,,,,GCK cookies+cream,60,362,22.7,11.1
,,,,,,,,,GCK birthday cake,60,363,30,3
03/11/21,,,,,,,,,COOK vegetable and chickpea tagine,335,109,18,6
,,,,,,,,,Salted caramel cake,60,455,55,1.4
,,,,,,,175,,Jacket potato,1,76,16,1.8
,,,,,,,,,Baked beans pot,200,78,12.5,3.6
,,,,,,,50,,"Cheddar, grated",1,416,0.2,0
,,,,,,,50,,Cheddar,1,416,0.2,0
,,,,,,,,,Options hot chocolate,11,365,59,0
,,,,,,,,4,Watermelon,440,35,7.6,0.1
,,,,,,,4,,ryvita dark rye,10,342,66.5,15
04/11/21,,,,,,,270,,Jacket potato,1,76,16,1.8
,,,,,,,20,,Lurpak,1,516,0.4,0
,,,,,,,,2,Cod loin fillets,250,98,0.2,0.2
,,,,,,,1,,Salmon fillets,120,267,0.2,0
,,,,,,,,,Options hot chocolate,8,365,59,0
,,,,,,,,,"Soup, veg, home-made",300,59,8.5,3.2
,,,,,,,,2,Swede mash,500,49,5.7,2.9
05/11/21,,,,,,,,,"Fish pie, Cook classic",390,134,9.9,2
,,,,,,,,2,Frozen vegetables,500,29,3.7,2.1
,,,,,,,,,"Soup, veg, home-made",300,59,8.5,3.2
,,,,,,,1,,"Bread, granary",38,256,46.4,3.7
,,,,,,,,,Skinny peanut butter cup,42,500,35,1
,,,,,,,,,Options hot chocolate,11,365,59,0
,,,,,,,,,Apple,100,57,11.6,0
,,,,,,,50,,Cheddar,1,416,0.2,0
06/02/22,,,,,,,,3,Beef mince,500,168,0.1,0
,,,,,,,,3,Onion,240,34.8,7.8,1.5
,,,,,,,,3,Red kidney beans,240,105,12.8,7.8
,,,,,,,,3,Pepper Orange,115,32,7.6,1.4
,,,,,,,2,3,"Rice, Basmati micro",250,168,30.5,1.4
,,,,,,,1,,"Coffee, milk, sugar (2)",100,49,12,0
,,,,,,,400,,"Orange Juice, diluted",1,32,6.9,0
,,,,,,,400,,"Tonic water, diet",1,2,0,0
,,,,,,,0.8,,Grapes (10),30,75,17,0
,,,,,,,,,Greek yoghurt Oykos,110,138,12.5,0.4
07/02/22,,,,,,,1,,"Coffee, milk, sugar",100,49,8.2,0
,,,,,,,3,,"Ryvita,chia seed",10,340,55,14
,,,,,,,,,"Carrot, butternut, ginger soup",600,44,5.6,1.5
,,,,,,,,4,Chicken thighs,365,195,0.7,0.1
,,,,,,,,3,"Olives, green",100,165,1.9,2.9
,,,,,,,,4,"Chopped tomatoes, tin",400,24,3.5,0.9
,,,,,,,,4,Onion,240,34.8,7.8,1.5
,,,,,,,,4,Pepper Orange,115,32,7.6,1.4
,,,,,,,150,4,Red wine,1,416,0.2,0
,,,,,,,60,2,"Tomato, small",1,20,3.1,1
,,,,,,,30,,Lettuce iceberg,1,14,1.3,1.3
,,,,,,,30,2,Cucumber,1,15,3.6,0.5
,,,,,,,15,,"Mayonnnaise, Hellmanns light",1,264,6,0
,,,,,,,400,,"Orange Juice, diluted",1,32,6.9,0
,,,,,,,2,4,"Rice, Basmati micro",250,168,30.5,1.4
08/02/22,,,,,,,,2,Hot cross buns,57.8,280,47.6,8
,,,,,,,10,,Butter,1,516,0.4,0
,,,,,,,2,,"Mushroom, large",75,16,0.1,1.1
,,,,,,,2,3,"Rice, Basmati micro",250,168,30.5,1.4
,,,,,,,,3,Onion,240,34.8,7.8,1.5
,,,,,,,0.3,3,Crème fraiche,300,295,3,0
,,,,,,,,,Greek yoghurt Oykos,110,138,12.5,0.4
,,,,,,,1,,"Pear, ripe and ready",100,43,10.9,1.6
,,,,,,,0.3,,Blanched almonds,100,649,6.9,6.2
,,,,,,,400,,"Orange Juice, diluted",1,32,6.9,0
13/02/22,,,,,,,,,Grapes (10),150,75,17,0
,,,,,,,125,,"cherries, with stones",1,58,13.4,3
,,,,,,,4,,ryvita dark rye,10,342,66.5,15
,,,,,,,4,,Ryvita Thins,7,401,70.8,5.2
,,,,,,,75,,Cheddar,1,416,0.2,0
,,,,,,,2,,"Eggs, omelette",49.7,145,4.4,0
,,,,,,,,3,Onion,240,34.8,7.8,1.5
,,,,,,,,3,Pepper Orange,115,32,7.6,1.4
,,,,,,,30,,Peas,1,85,10.8,5.6
,,,,,,,,3,"Sweetcorn, tin",165,77,11.8,2.5
,,,,,,,60,,"Tomato, small",1,20,3.1,1
,,,,,,,,,Greek yoghurt Oykos,110,138,12.5,0.4
16/03/22,,,,,,,,,"Soup, carrot and ginger",600,44,5.6,1.5
,,,,,,,2,,"Bread, granary",38,256,46.4,3.7
,,,,,,,2,,"Coffee, milk, sugar",100,49,8.2,0
,,,,,,,,2,"Baked beans, tin",415,78,12.5,3.6
,,,,,,,6,2,"Eggs, scrambled",50,143,0.7,0
,,,,,,,2,,"Bread, granary",38,256,46.4,3.7
,,,,,,,1,,"Pear, ripe and ready",100,43,10.9,1.6
17/03/22,,,,,,,200,,"Orange juice, carton",1,32,6.9,0
,,,,,,,2,,"Coffee, milk, sugar",100,49,8.2,0
,,,,,,,1,3,"Rice, Basmati micro",250,168,30.5,1.4
,,,,,,,,3,Onion,240,34.8,7.8,1.5
,,,,,,,,3,Pepper Orange,115,32,7.6,1.4
,,,,,,,,3,Cod loin fillets,250,98,0.2,0.2
,,,,,,,2,3,Salmon fillets,120,267,0.2,0
,,,,,,,75,3,Green beans,1,32,3.1,3.4
,,,,,,,150,2,Prawns,1,72,0.1,0
,,,,,,,,3,"Chopped tomatoes, tin",400,24,3.5,0.9
,,,,,,,,3,"Sweetcorn, tin",165,77,11.8,2.5
,,,,,,,40,,Lizi granola,1,450,44,6.7
,,,,,,,,,Greek yoghurt Oykos,110,138,12.5,0.4
,,,,,,,150,,Blueberries,1,43,8.7,3.5
18/03/22,,,,,,,1.33,,"Coffee, milk, sugar",100,49,8.2,0
,,,,,,,200,,"Orange Juice, diluted",1,32,6.9,0
,,,,,,,30,,Lettuce iceberg,1,14,1.3,1.3
,,,,,,,,,"Avocado, small",70,198,1.9,3.4
,,,,,,,40,,Greek cheese,1,261,0,0
,,,,,,,2,,"Ham, slice",34.5,110,1.7,0
,,,,,,,,4,Cottage cheese,300,75,6.4,0.1
,,,,,,,8,,Olives,3.5,160,0.6,3.6
,,,,,,,,4,Onion,240,34.8,7.8,1.5
,,,,,,,,4,Pepper Orange,115,32,7.6,1.4
,,,,,,,100,4,Green beans,1,32,3.1,3.4
,,,,,,,,4,Red kidney beans,240,105,12.8,7.8
,,,,,,,,4,Beef mince,500,168,0.1,0
,,,,,,,700,4,Jacket potato,1,76,16,1.8
,,,,,,,,,Greek yoghurt Oykos,110,138,12.5,0.4
,,,,,,,150,,Blueberries,1,43,8.7,3.5
,,,,,,,40,,Lizi granola,1,450,44,6.7
19/03/22,,,,,,,1.5,,"Coffee, milk, sugar",100,49,8.2,0
,,,,,,,,4,Egg fried rice,300,163,31,1.1
,,,,,,,,3,Chicken chow mein,250,527,57.5,7.5
,,,,,,,,,Spicy shrimp soup,200,89.5,7,5.5
20/03/22,,,,,,,,4,Onion,240,34.8,7.8,1.5
,,,,,,,,4,Pepper Orange,115,32,7.6,1.4
,,,,,,,,4,Red kidney beans,240,105,12.8,7.8
,,,,,,,,4,Beef mince,500,168,0.1,0
,,,,,,,100,4,Green beans,1,32,3.1,3.4
,,,,,,,48,,Lizi granola,1,450,44,6.7
,,,,,,,130,,"Pear, ripe and ready",1,43,10.9,1.6
,,,,,,,125,,"cherries, with stones",1,58,13.4,3
,,,,,,,,,Greek yoghurt Oykos,110,138,12.5,0.4
21/03/22,,,,,,,1,,"Coffee, milk, sugar",100,49,8.2,0
,,,,,,,4,4,Eggs,50,143,0.7,0
,,,,,,,200,4,"Milk, skimmed",1,37,5,0
,,,,,,,140,4,"Flour, plain",1,335,69.9,3.5
,,,,,,,,2,Chicken Sausages,340,129,1.6,0
,,,,,,,2,2,Leeks,166.7,27,2.8,5
,,,,,,,75,2,Broccoli,1,32,3.9,2.6
,,,,,,,75,2,Cabbage,1,32,3.9,3.1
,,,,,,,,4,Onion,240,34.8,7.8,1.5
,,,,,,,100,2,Parsnip,1,72,11.4,4.5
,,,,,,,150,2,Carrot,1,41,9.6,2.8
22/03/22,,,,,,,,3,Cauliflower,140,25,5,1.8
,,,,,,,,3,Onion,240,34.8,7.8,1.5
,,,,,,,150,3,Peas,1,85,10.8,5.6
,,,,,,,610,2,Jacket potato,1,76,16,1.8
,,,,,,,,2.1,Chicken breast diced,410,137,0.2,0
,,,,,,,1,3,"Stock pot, chicken",28,160,26,0.7
,,,,,,,50,,Lizi granola,1,450,44,6.7
,,,,,,,,,Greek yoghurt Oykos,110,138,12.5,0.4
,,,,,,,1,,"Pear, ripe and ready",110,43,10.9,1.6
24/03/22,,,,,,,0.5,,"Coffee, milk, sugar",100,49,8.2,0
,,,,,,,150,,"Orange Juice, diluted",1,32,6.9,0
,,,,,,,1,2,"Rice, Basmati micro",250,168,30.5,1.4
,,,,,,,,2,Chicken thighs,310,195,0.7,0.1
,,,,,,,,2,Pepper Orange,115,32,7.6,1.4
,,,,,,,,2,Onion,240,34.8,7.8,1.5
,,,,,,,,2,"Sweetcorn, tin",165,77,11.8,2.5
,,,,,,,,2,"Chopped tomatoes, tin",400,24,3.5,0.9
,,,,,,,,2,Chorizo,75,338,1.1,0
,,,,,,,8,,Olives,3.5,160,0.6,3.6
,,,,,,,,,Greek yoghurt Oykos,110,138,12.5,0.4
,,,,,,,,,Plum,60,50,12.5,4.5
29/03/22,,,,,,,,3,Onion,240,34.8,7.8,1.5
,,,,,,,,3,Diced chicken,410,137,0.2,0
,,,,,,,150,3,Cauliflower,1,25,5,1.8
,,,,,,,150,3,Carrot,1,41,9.6,2.8
,,,,,,,100,3,Mange tout,1,32,3.1,3.4
,,,,,,,,3,Coconut Cream,250,219,4.5,0.2
,,,,,,,1,3,"Stock pot, chicken",28,160,26,0.7
,,,,,,,10,3,Tomato puree,1,89,13.7,2.5
,,,,,,,,3,"Garlic, very lazy, tsp",3,109,21,4.9
,,,,,,,2,3,"Half sugar, flat teaspoon",6,400,99.9,0
,,,,,,,1,2,"Rice, Basmati micro",250,168,30.5,1.4
,,,,,,,3,,Fudge piece,9,439,76.8,0
,,,,,,,211,,"Orange, peeled",1,37,8.5,1.7
30/03/22,,,,,,,1,3,"Rice, Basmati micro",250,168,30.5,1.4
,,,,,,,,3,Onion,240,34.8,7.8,1.5
,,,,,,,,3,Pepper Orange,115,32,7.6,1.4
,,,,,,,,3,"Sweetcorn, tin",165,77,11.8,2.5
,,,,,,,,3,Chorizo,75,338,1.1,0
,,,,,,,,3,"Chopped tomatoes, tin",400,24,3.5,0.9
,,,,,,,,3,Cod loin fillets,250,98,0.2,0.2
,,,,,,,,2,"Prawns, frozen",225,108,0.1,0
31/03/22,,,,,,,0.25,,"Trifle, M&S best ever",900,216,16.9,0.7
,,,,,,,,3,Thai Curry paste,45,76,11.3,0
,,,,,,,1,2,"Rice, Basmati micro",250,168,30.5,1.4
,,,,,,,,3,Onion,240,34.8,7.8,1.5
,,,,,,,,3,Diced chicken,410,137,0.2,0
,,,,,,,150,3,Cauliflower,1,25,5,1.8
,,,,,,,150,3,Carrot,1,41,9.6,2.8
,,,,,,,100,3,Mange tout,1,32,3.1,3.4
,,,,,,,10,3,Tomato puree,1,89,13.7,2.5
,,,,,,,,3,Coconut Cream,250,219,4.5,0.2
,,,,,,,1,3,"Stock pot, chicken",28,160,26,0.7
,,,,,,,2,3,"Half sugar, flat teaspoon",6,400,99.9,0
05/04/22,,,,,,,3,,"Bread, granary",38,256,46.4,3.7
,,,,,,,1,,"Ham, slice",34.5,110,1.7,0
,,,,,,,75,,Cheddar,1,416,0.2,0
,,,,,,,5,,Pickle,1,159,35,0
,,,,,,,60,,"Tomato, small",1,20,3.1,1
,,,,,,,,,Macaroni cheese,375,156,15.9,2.6
,,,,,,,1,,"Pear, ripe and ready",80,43,10.9,1.6
,,,,,,,200,,"Orange, peeled",1,37,8.5,1.7
,,,,,,,173,,"Orange, peeled",1,37,8.5,1.7
06/04/22,,,,,,,,5,Onion,240,34.8,7.8,1.5
,,,,,,,,5,Chicken breast,320,137,0.2,0
,,,,,,,,5,Chicken thighs,365,195,0.7,0.1
,,,,,,,2,5,Pepper Orange,115,32,7.6,1.4
,,,,,,,,5,"Sweetcorn, tin",165,77,11.8,2.5
,,,,,,,2,5,"Chopped tomatoes, tin",400,24,3.5,0.9
,,,,,,,2,5,Olives,80,160,0.6,3.6
,,,,,,,,2,"Rice, brown micro",250,171,32.2,2.9
,,,,,,,1,,"Bread, 50/50, slice",40.2,234,41.9,4.7
,,,,,,,50,,"Orange juice, carton",1,32,6.9,0
,,,,,,,,4,"Tuna, tin",160,113,0,0
,,,,,,,15,,Mayonnaise,1,264,6,0
,,,,,,,1.5,,Greek yoghurt Oykos,110,138,12.5,0.4
,,,,,,,4,,"Sugar, sachets",3,400,99.9,0
,,,,,,,10,,Dark chocolate chips,1,604,46.3,11
07/04/22,,,,,,,3,,"Bread, granary",38,256,46.4,3.7
,,,,,,,1,,"Ham, slice",34.5,110,1.7,0
,,,,,,,40,,Cheddar,1,416,0.2,0
,,,,,,,5,,Pickle,1,159,35,0
,,,,,,,1,2,"Rice, brown basmati micro",250,133,27.6,0.9
,,,,,,,,4,Onion,240,34.8,7.8,1.5
,,,,,,,0.5,,Chicken breast,160,137,0.2,0
,,,,,,,,4,Chicken thighs,365,195,0.7,0.1
,,,,,,,2,4,Pepper Orange,115,32,7.6,1.4
,,,,,,,,4,"Sweetcorn, tin",165,77,11.8,2.5
,,,,,,,2,4,"Chopped tomatoes, tin",400,24,3.5,0.9
,,,,,,,2,4,Olives,80,160,0.6,3.6
30/04/22,,,,,,,,2,"Pear, ripe and ready",140,43,10.9,1.6
,,,,,,,100,,Strawberries,1,33,6.1,0
,,,,,,,68,,Blueberries,1,43,8.7,3.5
,,,,,,,,2,"Apples, braeburn",110,57,11.6,0
,,,,,,,30,,Lizi granola,1,450,44,6.7
,,,,,,,110,,Clotted cream,1,586,2.3,0
27/06/22,,,,,,,4,4,Eggs,50,143,0.7,0
,,,,,,,375,4,"Milk, skimmed",1,37,5,0
,,,,,,,280,4,"Flour, plain",1,335,69.9,3.5
,,,,,,,2,,Sausages,56.6,211,3.7,0.9
,,,,,,,100,3,Green beans,1,32,3.1,3.4
,,,,,,,30,,Peas,1,85,10.8,5.6
,,,,,,,150,2,Cauliflower,1,25,5,1.8
,,,,,,,,,"Gravy granules, beef",5,397,59.8,2.1
,,,,,,,0.5,,"Coffee, milk, sugar",100,49,8.2,0
,,,,,,,9,,Ryvita Thins,7,401,70.8,5.2
,,,,,,,150,,Chavroux goat's cheese,1,336,1,0
,,,,,,,,,Apple,100,57,11.6,0
28/06/22,,,,,,,,,Macaroni cheese,375,156,15.9,2.6
,,,,,,,2,,"Bread, granary",38,256,46.4,3.7
,,,,,,,250,,"cherries, with stones",1,58,13.4,3
,,,,,,,1.5,,"Coffee, milk, sugar",100,49,8.2,0
30/06/22,,,,,,,,3,Salted tortillas,200,491,62.7,5.6
,,,,,,,200,3,Cheddar,1,416,0.2,0
,,,,,,,,3,"Salsa, mild Sainsburys",200,33,6.3,0.7
,,,,,,,,3,Cod loin fillets,250,98,0.2,0.2
,,,,,,,2,3,Salmon fillets,120,267,0.2,0
,,,,,,,,2.25,Prawns,165,108,0.2,0
,,,,,,,3,4.5,"Rice, Basmati micro",250,168,30.5,1.4
,,,,,,,,4.5,"Sweetcorn, tin",165,77,11.8,2.5
,,,,,,,,4.5,Onion,240,34.8,7.8,1.5
,,,,,,,,4.5,"Pepper, red",115,32,7.6,1.4
01/07/22,,,,,,,2,,"Bread, granary",38,256,46.4,3.7
,,,,,,,,,Macaroni cheese,375,156,15.9,2.6
,,,,,,,1.5,,Greek yoghurt Oykos,110,138,12.5,0.4
02/07/22,,,,,,,100,,Cheddar,1,416,0.2,0
,,,,,,,4,,"Bread, granary",38,256,46.4,3.7
,,,,,,,,,GCK Peanut Nutter,60,373,26,12
,,,,,,,1,2,"Pear, ripe and ready",100,43,10.9,1.6
,,,,,,,,,Apple,100,57,11.6,0
,,,,,,,2,,Grapes (10),30,75,17,0
,,,,,,,100,,Strawberries,1,33,6.1,0
,,,,,,,,,Orange,70,40,7.8,2.4
,,,,,,,,,Branston small chunk pickle,10,159,35,1.7
,,,,,,,1,,"Coffee, milk, sugar",100,49,8.2,0
,,,,,,,150,,"Orange Juice, diluted",1,32,6.9,0
03/07/22,,,,,,,30,,Lettuce iceberg,1,14,1.3,1.3
,,,,,,,30,,Cucumber,1,15,3.6,0.5
,,,,,,,50,,Celery,1,16,3,1.6
,,,,,,,,,GCK caramel chaos,60,357,23,11
,,,,,,,,,GCK salted caramel,60,376,34,4.1
,,,,,,,,2,Quiche Spinach + red peppper,400,246,17.1,1.6
,,,,,,,1.5,,"Coffee, milk, sugar",100,49,8.2,0
,,,,,,,,,"Tomato, small",40,20,3.1,1
04/07/22,,,,,,,2,,Petit pain,48.1,285,58.8,2.9
,,,,,,,2,,"Ham, slice",34.5,110,1.7,0
,,,,,,,,4,M&S Pasta chicken sweetcorn bacon,380,179,16.1,5.1
,,,,,,,,,M&S chocolate eclair,44,399,30.7,0.4
,,,,,,,,,Cod in batter (half eaten),100,444,10,4
,,,,,,,1,,Pacific salmon fishcakes,85,202,18.1,0.9
,,,,,,,150,,Scampi,1,119,1.5,0.1
05/07/22,,,,,,,5,,"Ryvita,chia seed",10,340,55,14
,,,,,,,180,,"Goats cheese, french",1,291,1,0
,,,,,,,,,Grapes (10),30,75,17,0
,,,,,,,1,,"Pear, ripe and ready",100,43,10.9,1.6
,,,,,,,1.5,,Apple,100,57,11.6,0
,,,,,,,,10,Quorn mince,500,92,2.3,7.5
,,,,,,,,,Nectarine,115,45,9,1.2
,,,,,,,,,"Orange, with skin",120,47,12,2.4
,,,,,,,1,,Greek yoghurt Oykos,110,138,12.5,0.4
,,,,,,,,,GCK caramel chaos,60,357,23,11
,,,,,,,0.3,,"Rice, Basmati micro",250,168,30.5,1.4
13/07/22,,,,,,,,3,Quorn mince,500,92,2.3,7.5
,,,,,,,,3,"Pepper, red",115,32,7.6,1.4
,,,,,,,,3,Onion,240,34.8,7.8,1.5
,,,,,,,50,3,Green beans,1,32,3.1,3.4
,,,,,,,2,3,"Mushroom, large",75,16,0.1,1.1
,,,,,,,95,,"Spaghetti, dry",1,355.6,72.2,3.1
,,,,,,,,3,"Chopped tomatoes, tin",400,24,3.5,0.9
,,,,,,,3,2,Bacon rashers,26,229.2,0,0
,,,,,,,,,GCK Peanut Nutter,60,373,26,12
,,,,,,,1,,Greek yoghurt Oykos,110,138,12.5,0.4
,,,,,,,1,,Apple,100,57,11.6,0
,,,,,,,1,,"Pear, ripe and ready",100,43,10.9,1.6
12/08/22,,,,,,,4,6,"Prawns, frozen",200,108,0.1,0
,,,,,,,450,6,"Spaghetti, dry",1,355.6,72.2,3.1
,,,,,,,,,Salad inc sweetcorn,100,56,10,2.7
,,,,,,,2,,GCK salted caramel,60,376,34,4.1
13/08/22,,,,,,,,2,Quiche Spinach + red peppper,400,246,17.1,1.6
,,,,,,,175,,Jacket potato,1,76,16,1.8
,,,,,,,100,3,"Cabbage, white",1,32,5,2.1
,,,,,,,124,3,Carrots,1,41,9.6,2.8
,,,,,,,15,3,Salad cream,1,331,20.8,0
,,,,,,,45,3,"Mayonnnaise, Hellmanns light",1,264,6,0
,,,,,,,,4,"Tomato, beef",200,20,3.1,1
,,,,,,,30,3,Cucumber,1,15,3.6,0.5
,,,,,,,50,3,Lettuce,1,14,1.3,1.3
,,,,,,,,4,"Sweetcorn, tin",165,77,11.8,2.5
,,,,,,,180,3,Courgette,1,17,3.1,1
,,,,,,,50,3,Celery,1,16,3,1.6
,,,,,,,50,,Strawberries,1,33,6.1,0
,,,,,,,50,,Blackberries,1,43,10,5
,,,,,,,50,,Blueberries,1,43,8.7,3.5
,,,,,,,0.9,,Apple,100,57,11.6,0
,,,,,,,,2,peach,90,45,9,1.5
,,,,,,,300,,"Ginger beer, diet",1,1.7,0,0
,,,,,,,2,,GCK salted caramel,60,376,34,4.1
14/08/22,,,,,,,,2,Quiche Spinach + red peppper,400,246,17.1,1.6
,,,,,,,100,3,"Cabbage, white",1,32,5,2.1
,,,,,,,150,3,Carrots,1,41,9.6,2.8
,,,,,,,45,3,"Mayonnnaise, Hellmanns light",1,264,6,0
,,,,,,,30,,Cucumber,1,15,3.6,0.5
,,,,,,,,4,"Sweetcorn, tin",165,77,11.8,2.5
,,,,,,,180,3,Courgette,1,17,3.1,1
,,,,,,,,3,"Tomato, beef",200,20,3.1,1
,,,,,,,,6,Baby gem lettuce,150,14,1.3,1.3
,,,,,,,50,3,Celery,1,16,3,1.6
,,,,,,,300,,"Ginger beer, diet",1,1.7,0,0
,,,,,,,500,,Coop lemon/lime spring water,1,1,0,0
,,,,,,,,,Heineken Zero,330,21,4.3,0
,,,,,,,6,,Ryvita Thins,6.94,407,70.8,7.5
,,,,,,,,,"Apples, braeburn",85,57,11.6,0
,,,,,,,100,,"Goats cheese, french",1,291,1,0
17/08/22,,,,,,,4,,Bacon rashers,26,229.2,0,0
,,,,,,,2,,Quorn sausages,42,198,11,5.5
,,,,,,,6,3,"Eggs, scrambled",50,143,0.7,0
,,,,,,,2,3,"Baked beans, tin",415,78,12.5,3.6
,,,,,,,,,Sushi Taiko Fuji set,345,147,24,0
,,,,,,,,,Starbucks skinny latte (small),220,39,4,0
,,,,,,,,,"Fruit medley, Waitrose",400,49,9.5,1
19/08/22,,,,,,,39,,"Apples, braeburn",1,57,11.6,0
,,,,,,,1,,"Pear, ripe and ready",100,43,10.9,1.6
,,,,,,,,,Nectarine,115,45,9,1.2
,,,,,,,50,,Strawberries,1,33,6.1,0
,,,,,,,50,,Blackberries,1,43,10,5
,,,,,,,1,,Greek yoghurt Oykos,110,138,12.5,0.4
,,,,,,,50,,Blueberries,1,43,8.7,3.5
,,,,,,,,,Macaroni cheese,375,156,15.9,2.6
,,,,,,,75,3,Cabbage,1,32,3.9,3.1
,,,,,,,75,3,Green beans,1,32,3.1,3.4
,,,,,,,60,,Courgette,1,17,3.1,1
20/08/22,,,,,,,66,,Strawberries,1,33,6.1,0
,,,,,,,66,,Blackberries,1,43,10,5
,,,,,,,66,,Blueberries,1,43,8.7,3.5
,,,,,,,30,,Grapes,1,75,17,0.7
,,,,,,,1,,"Pear, ripe and ready",100,43,10.9,1.6
,,,,,,,100,,"Apples, braeburn",1,57,11.6,0
,,,,,,,2,,Apricot,30,45,9,1.5
,,,,,,,1,,Greek yoghurt Oykos,110,138,12.5,0.4
,,,,,,,1,,Chicken mushroom pie,212,216,20.9,1.5
,,,,,,,438,3,Oven chips,1,208,31,2.9
,,,,,,,2,3,Leeks,166.7,27,2.8,5
,,,,,,,75,2,Green beans,1,32,3.1,3.4
,,,,,,,150,3,Cauliflower,1,25,5,1.8
,,,,,,,1,,"Coffee, milk, sugar",100,49,8.2,0
21/08/22,,,,,,,,3,Cod loin fillets,250,98,0.2,0.2
,,,,,,,2,3,Salmon fillets,120,267,0.2,0
,,,,,,,,2,Prawns,165,108,0.2,0
,,,,,,,150,,Jacket potato,1,76,16,1.8
,,,,,,,100,3,Cauliflower,1,25,5,1.8
,,,,,,,75,2,Green beans,1,32,3.1,3.4
,,,,,,,75,3,Peas,1,85,10.8,5.6
,,,,,,,100,,"Apples, braeburn",1,57,11.6,0
,,,,,,,1,,"Pear, ripe and ready",100,43,10.9,1.6
,,,,,,,66,,Blueberries,1,43,8.7,3.5
,,,,,,,2,,Grapes (10),30,75,17,0
,,,,,,,1,,Greek yoghurt Oykos,110,138,12.5,0.4
,,,,,,,2,,Apricot,30,45,9,1.5
,,,,,,,1,,"Coffee, milk, sugar",100,49,8.2,0
22/08/22,,,,,,,3,,"Bread, granary",38,256,46.4,3.7
,,,,,,,30,,Lurpak,1,516,0.4,0
,,,,,,,,,"Ham, slice",34.5,110,1.7,0
,,,,,,,,4,"Tomato, beef",200,20,3.1,1
,,,,,,,30,,Cheddar,1,416,0.2,0
,,,,,,,,,Branston small chunk pickle,10,159,35,1.7
,,,,,,,1,,"Coffee, milk, sugar",100,49,8.2,0
19/10/22,,,,,,,360,3,Jacket potato,1,76,16,1.8
,,,,,,,,3,Onion,240,34.8,7.8,1.5
,,,,,,,,3,"Pepper, red",115,32,7.6,1.4
,,,,,,,,2,Prawns,150,108,0.2,0
,,,,,,,,3,Mackerel fillets,140,299,10.3,0.1
,,,,,,,,3,Smoked cod fillets,230,91,0.1,0.1
,,,,,,,120,3,Carrot,1,41,9.6,2.8
,,,,,,,,3,Chorizo,75,338,4.7,0.9
,,,,,,,,3,Green beans,120,32,3.1,3.4
,,,,,,,0.5,3,"Sweetcorn, tin",165,77,11.8,2.5
,,,,,,,,3,"Chopped tomatoes, tin",400,24,3.5,0.9
,,,,,,,0.5,3,"Passata, carton",500,22,3.1,1.2
,,,,,,,10,3,Tomato puree,1,89,13.7,2.5
,,,,,,,,3,"Garlic, very lazy, tsp",3,109,21,4.9
20/10/22,,,,,,,,3,Onion,240,34.8,7.8,1.5
,,,,,,,75,3,Green beans,1,32,3.1,3.4
,,,,,,,80,3,Cauliflower,1,25,5,1.8
,,,,,,,370,3,Jacket potato,1,76,16,1.8
,,,,,,,,3,Thai Curry paste,50,76,11.3,0
,,,,,,,0.5,3,Coconut Cream,250,219,4.5,0.2
,,,,,,,120,3,Carrots,1,41,9.6,2.8
,,,,,,,,3,Chicken thighs,650,195,0.7,0.1
,,,,,,,2,3,"Rice, wholegrain coop",250,168,32,2.6
,,,,,,,2,,Porridge,27,370,59,9
,,,,,,,2,3,"Half sugar, flat teaspoon",6,400,99.9,0
,,,,,,,1.5,,"Half sugar, teaspoon",2,400,98.9,0
,,,,,,,66,,Strawberries,1,33,6.1,0
,,,,,,,45,,Grapes,3,75,17,0.7
,,,,,,,,3,Mango pieces,250,63,14,1.9
20/11/22,,,,,,,,3,Chicken thighs,650,195,0.7,0.1
,,,,,,,500,3,Potato,1,76,16,1.8
,,,,,,,120,3,Carrots,1,41,9.6,2.8
,,,,,,,2,3,"Stock pot, chicken",28,160,26,0.7
,,,,,,,,3,"Onion, medium",180,34.8,7.8,1.5
,,,,,,,,3,Leeks,180,27,2.8,5
,,,,,,,6,,"Sugar, tsp",1,400,99.9,0
,,,,,,,15,,"Tea, milk",1,37,5,0
,,,,,,,,,Large fruit scone,100,353,45,1.5
,,,,,,,,,Plum,90,50,12.5,4.5
,,,,,,,1,,"Pear, ripe and ready",120,43,10.9,1.6
,,,,,,,75,,"cherries, with stones",1,58,13.4,3
,,,,,,,,,"Ginger ale, Fentimans",750,39,9,0
21/11/22,,,,,,,2,,Porridge,27,370,59,9
,,,,,,,100,,"Milk, skimmed",1,37,5,0
,,,,,,,,,"Avocado, small",70,198,1.9,3.4
,,,,,,,,,Extra large king prawns,220,301,0.9,0.2
,,,,,,,40,,Lettuce iceberg,1,14,1.3,1.3
,,,,,,,25,,"Mayonnnaise, Hellmanns light",1,264,6,0
,,,,,,,2,,"Toast, slice",39,234,41.9,4.7
,,,,,,,2,,GCK salted caramel,60,376,34,4.1
22/11/22,,,,,,,,,GCK salted caramel,60,376,34,4.1
,,,,,,,,,Macaroni cheese,375,156,15.9,2.6
,,,,,,,2,,"Oranges, easy peelers",60,43,9.1,0
,,,,,,,75,,"cherries, with stones",1,58,13.4,3
,,,,,,,3,,"Eggs, omelette",49.7,145,4.4,0
,,,,,,,2,,"Ham, slice",34.5,110,1.7,0
,,,,,,,75,,"Goats cheese, french",1,291,1,0
,,,,,,,60,,"Tomato, small",1,20,3.1,1
,,,,,,,40,,Lettuce iceberg,1,14,1.3,1.3
,,,,,,,,,Plum,80,50,12.5,4.5
03/12/22,,,,,,,,,Jacket potato,175,76,16,1.8
,,,,,,,100,,Cheddar,1,416,0.2,0
,,,,,,,60,,"Tomato, small",1,20,3.1,1
,,,,,,,40,,Lettuce iceberg,1,14,1.3,1.3
,,,,,,,50,,Cucumber,1,15,3.6,0.5
,,,,,,,,,"Half sugar, half teaspoon",2,400,98.9,0
,,,,,,,,4,Beef mince,500,168,0.1,0
,,,,,,,,4,"Sweetcorn, tin",165,77,11.8,2.5
,,,,,,,1,4,Leeks,166.7,27,2.8,5
,,,,,,,150,4,"Peas, frozen",1,85,10.8,5.6
,,,,,,,,4,Stock pot,28,95,3.4,0.9
,,,,,,,,4,Onion,240,34.8,7.8,1.5
,,,,,,,1061,4,"Mashed potato, frozen",1,103,15,1
,,,,,,,200,4,Courgette,1,17,3.1,1
,,,,,,,200,4,Parsnip,1,72,11.4,4.5
,,,,,,,200,4,Carrots,1,41,9.6,2.8
04/12/22,,,,,,,,4,Chicken thighs,650,195,0.7,0.1
,,,,,,,385,4,Potato,1,76,16,1.8
,,,,,,,200,4,Parsnip,1,72,11.4,4.5
,,,,,,,200,4,Carrots,1,41,9.6,2.8
,,,,,,,100,4,"Peas, frozen",1,85,10.8,5.6
,,,,,,,1,4,Leeks,166.7,27,2.8,5
,,,,,,,110,4,Cauliflower,1,25,5,1.8
,,,,,,,3,4,"Suet, ounce",28.4,816,10.7,0
,,,,,,,100,,"Apples, braeburn",1,57,11.6,0
,,,,,,,,,Plum,80,50,12.5,4.5
,,,,,,,1,,"Half sugar, teaspoon",4,400,98.9,0
,,,,,,,175,4,Self-raising flour,1,335,69.9,3.7
28/01/23,,,,,,,2,,"Oranges, easy peelers",60,43,9.1,1.2
,,,,,,,3,,"Bread, granary",38,256,46.4,3.7
,,,,,,,3,,Bertolli spread,5,528,0.1,0
,,,,,,,2,,"Ham, slice",30,133,0.1,0
,,,,,,,0.8,,"Tomato, small",60,20,3.1,1
,,,,,,,40,,Cheddar,1,416,0.2,0
,,,,,,,,,Branston small chunk pickle,10,159,35,1.7
,,,,,,,,,Granny Smith apples,110,54,11.1,0
,,,,,,,,3,Beef mince,500,168,0.1,0
,,,,,,,,3,Onion,240,34.8,7.8,1.5
,,,,,,,75,3,Green beans,1,32,3.1,3.4
,,,,,,,,3,"Pepper, red",115,32,7.6,1.4
,,,,,,,4,3,Bacon rashers,26,229.2,0,0
,,,,,,,80,,"Pasta wholemeal, dry",1,348,75,0
,,,,,,,3,,"Plum, ripe and ready",70,42,8.8,0
,,,,,,,50,,Blueberries,1,43,8.7,3.5
,,,,,,,60,,"cherries, with stones",1,58,13.4,3
29/01/23,,,,,,,100,,"Milk, skimmed",1,37,5,0
,,,,,,,2,,Porridge,27,370,59,9
,,,,,,,2,,"Oranges, easy peelers",60,43,9.1,0
,,,,,,,100,,"Apples, braeburn",1,57,11.6,0
,,,,,,,174,,"cherries, with stones",1,58,13.4,3
,,,,,,,,3,Onion,240,34.8,7.8,1.5
,,,,,,,,3,Chicken breast fillets,640,137,0.2,0
,,,,,,,1,3,"Stock pot, chicken",28,160,26,0.7
,,,,,,,75,3,Green beans,1,32,3.1,3.4
,,,,,,,180,3,"Tomato, small",1,20,3.1,1
,,,,,,,2,3,"Rice, Basmati micro",250,168,30.5,1.4
,,,,,,,,4,"Naan bread, pack of 2",260,316,46.6,0
30/01/23,,,,,,,,3,Onion,240,34.8,7.8,1.5
,,,,,,,,3,Chicken thighs,365,195,0.7,0.1
,,,,,,,90,3,Sun-dried tomatoes in olive oil,1,305,17.5,0.5
,,,,,,,2,3,"Rice, Basmati micro",250,168,30.5,1.4
,,,,,,,1,3,"Stock pot, chicken",28,160,26,0.7
,,,,,,,85,3,"Olives, black",1,160,0.1,3
,,,,,,,18,,"Chutney, caramelized onion",1,161,37.3,2.1
,,,,,,,72,,Cheddar,1,416,0.2,0
,,,,,,,69,,Ryvita Thins,1,401,70.8,5.2
,,,,,,,28,,Bertolli spread,1,528,0.1,0
,,,,,,,4,4,"Self-raising flour, ounce",28.4,335,69.9,3.7
,,,,,,,4,4,"Butter, ounce",28.4,516,0.4,0
,,,,,,,4,4,Bertolli spread,28.4,528,0.1,0
,,,,,,,4,4,Sugar,28.4,400,99.9,0
,,,,,,,4,4,Eggs,50,143,0.7,0
,,,,,,,15,,"Jam, strawberry",1,254,61.9,1.7
,,,,,,,2,,"Oranges, easy peelers",60,43,9.1,1.2
,,,,,,,1,,"Plum, ripe and ready",70,42,8.8,3.1
31/01/23,,,,,,,0.7,,Smoked cod fillets,230,91,0.1,0.1
,,,,,,,,2,Mackerel fillets,140,299,10.3,0.1
,,,,,,,,2,Prawns,165,108,0.2,0
,,,,,,,,,Jacket potato,175,76,16,1.8
,,,,,,,95,3,Green beans,1,32,3.1,3.4
,,,,,,,240,3,"Peas, frozen",1,85,10.8,5.6
,,,,,,,,,Egg & cress sandwich,145,222,29.5,2.2
,,,,,,,1,,Greek yoghurt Oykos,110,138,12.5,0.4
,,,,,,,1,,"Coffee, milk, sugar",100,49,8.2,0
02/02/23,,,,,,,,2,"Baked beans, tin",415,78,12.5,3.6
,,,,,,,2,,"Bread, granary",38,256,46.4,3.7
,,,,,,,1,,"Oranges, easy peelers",60,43,9.1,0
,,,,,,,210,3,"Flour, plain",1,335,69.9,3.5
,,,,,,,3,3,Eggs,50,143,0.7,0
,,,,,,,12,3,Chipolata sausages,31,323,1.3,0.9
,,,,,,,265,3,"Milk, skimmed",1,37,5,0
,,,,,,,100,3,Carrots,1,41,9.6,2.8
,,,,,,,,4,Onion,150,34.8,7.8,1.5
,,,,,,,100,2.5,Courgette,1,17,3.1,1
,,,,,,,200,2,Cauliflower,1,25,5,1.8
,,,,,,,104,,"Apples, braeburn",1,57,11.6,0
,,,,,,,1,,"Plum, ripe and ready",66,42,8.8,3.1
03/02/23,,,,,,,,,Mozzarella+tomato panini,145,241.4,29,2.1
,,,,,,,,3,Onion,240,34.8,7.8,1.5
,,,,,,,,3,Beef mince,500,168,0.1,0
,,,,,,,,3,"Pepper, red",115,32,7.6,1.4
,,,,,,,65,3,Green beans,1,32,3.1,3.4
,,,,,,,,3,"Chopped tomatoes, tin",400,24,3.5,0.9
,,,,,,,1,3,"Stock pot, chicken",28,160,26,0.7
,,,,,,,80,,"Pasta wholemeal, dry",1,348,75,0
,,,,,,,50,,Crunchy nut,1,445,65,1.2
,,,,,,,1,,"Plum, ripe and ready",66,42,8.8,3.1
,,,,,,,104,,"Apples, braeburn",1,57,11.6,0
04/02/23,,,,,,,2,4,Smoked cod fillets,230,91,0.1,0.1
,,,,,,,2,4,Salmon fillets,120,267,0.2,0
,,,,,,,,4,Prawns,165,108,0.2,0
,,,,,,,30,4,"Flour, plain",1,335,69.9,3.5
,,,,,,,30,4,Butter,1,516,0.4,0
,,,,,,,200,4,"Milk, skimmed",1,37,5,0
,,,,,,,75,4,Peas,1,85,10.8,5.6
,,,,,,,,4,"Sweetcorn, tin",165,77,11.8,2.5
,,,,,,,70,4,Frozen mash,14,103,15,1
,,,,,,,20,,Cheddar,1,416,0.2,0
,,,,,,,2,,"Ham, slice",34.5,110,1.7,0
,,,,,,,60,1.5,"Tomato, small",1,20,3.1,1
,,,,,,,,,Branston small chunk pickle,10,159,35,1.7
,,,,,,,1,,"Plum, ripe and ready",66,42,8.8,3.1
,,,,,,,2,,"Oranges, easy peelers",60,43,9.1,0
,,,,,,,0.9,,Apple,100,57,11.6,0
,,,,,,,1,,Greek yoghurt Oykos,110,138,12.5,0.4
,,,,,,,3,,"Wholemeal bread, Coop",45,231,37,7.7
05/02/23,,,,,,,,,"Cake, slice",50,297,58,1
,,,,,,,,,"Fish pie, home made",100,691,51.7,4.9
,,,,,,,0.9,,Apple,100,57,11.6,0
,,,,,,,150,,"Milk, skimmed",1,37,5,0
,,,,,,,220,,Crunchy nut,1,445,65,1.2
06/02/23,,,,,,,0.75,,"Flame-baked plain naan, Patak",112,290,49,2.5
,,,,,,,,7,Chicken breast fillets,640,137,0.2,0
,,,,,,,,7,Chicken thighs,650,195,0.7,0.1
,,,,,,,,3.5,Onion,240,34.8,7.8,1.5
,,,,,,,80,3.5,Green beans,1,32,3.1,3.4
,,,,,,,350,3.5,Jacket potato,1,76,16,1.8
,,,,,,,1,3,"Stock pot, chicken",28,160,26,0.7
,,,,,,,0.3,3.5,Coconut Cream,250,219,4.5,0.2
,,,,,,,,3.5,Vegetable stock cube,6,271,49.1,0.8
,,,,,,,,3.5,Thai Curry paste,45,76,11.3,0
,,,,,,,,,Small scone,80,343,45,0.5
,,,,,,,,,Orange,200,40,7.8,2.4
,,,,,,,,,Apple,110,57,11.6,0
07/02/23,,,,,,,,,"Muffin, Coop triple chocolate",106,421,49,2
,,,,,,,,,Mozzarella+tomato panini,145,241.4,29,2.1
,,,,,,,,6,Chicken breast fillets,640,137,0.2,0
,,,,,,,,6,Chicken thighs,650,195,0.7,0.1
,,,,,,,,3,Onion,240,34.8,7.8,1.5
,,,,,,,330,3,Jacket potato,1,76,16,1.8
,,,,,,,120,3,Parsnip,1,72,11.4,4.5
,,,,,,,100,3,Carrots,1,41,9.6,2.8
,,,,,,,1,3,Leeks,166.7,27,2.8,5
,,,,,,,40,3,Green beans,1,32,3.1,3.4
,,,,,,,75,3,"Peas, frozen",1,85,10.8,5.6
,,,,,,,2,3,"Atora original, ounce",28.4,816,10.7,0.6
,,,,,,,4,3,"Self-raising flour, ounce",28.4,335,69.9,3.7
08/02/23,,,,,,,,3,Beef steaks,350,192,0.2,0.2
,,,,,,,180,3,"Tomato, small",1,20,3.1,1
,,,,,,,0.7,3,Pepper Orange,115,32,7.6,1.4
,,,,,,,50,3,Celery,1,16,3,1.6
,,,,,,,45,3,Carrots,1,41,9.6,2.8
,,,,,,,25,,"Mayonnnaise, Hellmanns light",1,264,6,0
,,,,,,,2,,"Vinegar, tsp",5,14,1.8,0.2
,,,,,,,20,4,Butter,1,516,0.4,0
,,,,,,,600,3,New potatoes,1,81,17.5,1.6
,,,,,,,,,Apple,120,57,11.6,0
,,,,,,,2,,"Oranges, easy peelers",60,43,9.1,1.2
,,,,,,,100,,"cherries, with stones",1,58,13.4,3
,,,,,,,80,,Grapes,1,75,17,0
,,,,,,,20,,Cheddar,1,416,0.2,0
,,,,,,,40,,"Tomato, small",1,20,3.1,1
,,,,,,,10,,Chutney,1,150,38.5,3
,,,,,,,2,,"Ham, slice",34.5,110,1.7,0
,,,,,,,3,,"Bread, granary",38,256,46.4,3.7
09/02/23,,,,,,,,,"Teacake, triple berry",70,275,37.3,3.7
,,,,,,,,,Macaroni cheese,375,156,15.9,2.6
,,,,,,,,2,"Beans, tenderstem & corn",240,27,3.1,3.3
,,,,,,,100,,Ryvita Thins,1,401,70.8,5.2
,,,,,,,,,Grapes (10),30,75,17,0
10/02/23,,,,,,,3,,"Bread, granary",38,256,46.4,3.7
,,,,,,,20,,Cheddar,1,416,0.2,0
,,,,,,,40,,"Tomato, small",1,20,3.1,1
,,,,,,,2,,"Ham, slice",34.5,110,1.7,0
,,,,,,,,,Branston small chunk pickle,10,159,35,1.7
,,,,,,,1.5,,Smoked cod fillets,230,91,0.1,0.1
,,,,,,,,2,Prawns,165,108,0.2,0
,,,,,,,600,3,New potatoes,1,81,17.5,1.6
,,,,,,,60,3,Butter,1,516,0.4,0
,,,,,,,150,3,"Milk, skimmed",1,37,5,0
,,,,,,,30,3,"Flour, plain",1,335,69.9,3.5
,,,,,,,,,Nectarine,115,45,9,1.2
,,,,,,,,,Bitter lemon,1000,27,4.9,0
12/02/23,,,,,,,3,,"Bread, granary",38,256,46.4,3.7
,,,,,,,20,,Cheddar,1,416,0.2,0
,,,,,,,2,,"Ham, slice",34.5,110,1.7,0
,,,,,,,40,,"Tomato, small",1,20,3.1,1
,,,,,,,,,Branston small chunk pickle,10,159,35,1.7
,,,,,,,,3,Beef mince,500,168,0.1,0
,,,,,,,80,,"Pasta wholemeal, dry",1,348,75,0
,,,,,,,,3,Onion,240,34.8,7.8,1.5
,,,,,,,1.3,3,Pepper Orange,115,32,7.6,1.4
,,,,,,,60,3,Green beans,1,32,3.1,3.4
,,,,,,,1,3,"Stock pot, chicken",28,160,26,0.7
13/02/23,,,,,,,3,,"Bread, granary",38,256,46.4,3.7
,,,,,,,20,,Cheddar,1,416,0.2,0
,,,,,,,40,,"Tomato, small",1,20,3.1,1
,,,,,,,2,,"Ham, slice",34.5,110,1.7,0
,,,,,,,,,Branston small chunk pickle,10,159,35,1.7
,,,,,,,,3,Chicken breast fillets,640,137,0.2,0
,,,,,,,,3,Onion,240,34.8,7.8,1.5
,,,,,,,120,3,Parsnip,1,72,11.4,4.5
,,,,,,,100,3,Carrots,1,41,9.6,2.8
,,,,,,,40,3,Green beans,1,32,3.1,3.4
,,,,,,,75,3,"Peas, frozen",1,85,10.8,5.6
,,,,,,,0.5,3,"Sweetcorn, tin",165,77,11.8,2.5
,,,,,,,35,3,Broccoli,1,32,3.9,2.6
,,,,,,,160,3,Jacket potato,1,76,16,1.8
,,,,,,,2,3,"Atora original, ounce",28.4,816,10.7,0.6
,,,,,,,4,3,"Self-raising flour, ounce",28.4,335,69.9,3.7
,,,,,,,2,,"Plum, ripe and ready",66,42,8.8,3.1
16/02/23,,,,,,,,4,Chicken breast fillets,640,137,0.2,0
,,,,,,,,4,Onion,240,34.8,7.8,1.5
,,,,,,,40,4,Green beans,1,32,3.1,3.4
,,,,,,,100,4,Carrots,1,41,9.6,2.8
,,,,,,,150,4,Parsnip,1,72,11.4,4.5
,,,,,,,180,4,Peas,1,85,10.8,5.6
,,,,,,,160,4,Jacket potato,1,76,16,1.8
,,,,,,,1,4,"Stock pot, chicken",28,160,26,0.7
,,,,,,,2,,"Bread, granary",38,256,46.4,3.7
,,,,,,,2,,Bertolli spread,5,528,0.1,0
,,,,,,,2,,"Plum, ripe and ready",66,42,8.8,3.1
,,,,,,,2,,"Oranges, easy peelers",60,43,9.1,0
,,,,,,,0.5,4,"Sweetcorn, tin",165,77,11.8,2.5
,,,,,,,2,6,"Atora original, ounce",28.4,816,10.7,0.6
,,,,,,,4,6,"Self-raising flour, ounce",28.4,335,69.9,3.7
17/02/23,,,,,,,3,,"Bread, granary",38,256,46.4,3.7
,,,,,,,20,,Cheddar,1,416,0.2,0
,,,,,,,2,,"Ham, slice",34.5,110,1.7,0
,,,,,,,40,,"Tomato, small",1,20,3.1,1
,,,,,,,,,Branston small chunk pickle,10,159,35,1.7
,,,,,,,150,,Cauliflower,1,25,5,1.8
,,,,,,,2,,"Plum, ripe and ready",80,42,8.8,3.1
,,,,,,,2,,"Oranges, easy peelers",60,43,9.1,0
,,,,,,,,,Macaroni cheese,375,156,15.9,2.6
22/02/23,,,,,,,,3,Onion,240,34.8,7.8,1.5
,,,,,,,2,3,"Rice, Basmati micro",250,168,30.5,1.4
,,,,,,,60,3,Green beans,1,32,3.1,3.4
,,,,,,,,3,Chorizo,75,338,1.1,0
,,,,,,,2,3,"Chopped tomatoes, tin",400,24,3.5,0.9
,,,,,,,,3,"Sweetcorn, tin",165,77,11.8,2.5
,,,,,,,162,3,"Peas, frozen",1,85,10.8,5.6
,,,,,,,,2,Prawns,100,108,0.2,0
,,,,,,,,2,Salad,100,64,9.4,2.6
,,,,,,,,,McDonalds,100,477,95,2.3
26/02/23,,,,,,,1.5,4,Onion,240,34.8,7.8,1.5
,,,,,,,150,4,Green beans,1,32,3.1,3.4
,,,,,,,,4,"Chopped tomatoes, tin",400,24,3.5,0.9
,,,,,,,,4,Chorizo,75,338,1.1,0
,,,,,,,,4,Beef mince,500,168,0.1,0
,,,,,,,80,,"Pasta wholemeal, dry",1,348,75,0
,,,,,,,3,,"Bread, granary",38,256,46.4,3.7
,,,,,,,20,,Cheddar,1,416,0.2,0
,,,,,,,40,,"Tomato, small",1,20,3.1,1
,,,,,,,2,,"Ham, slice",34.5,110,1.7,0
,,,,,,,,,Branston small chunk pickle,10,159,35,1.7
,,,,,,,2,,"Oranges, easy peelers",60,43,9.1,0
,,,,,,,2,,"Plum, ripe and ready",66,42,8.8,3.1
,,,,,,,,,Nectarine,115,45,9,1.2
,,,,,,,1,,Greek yoghurt Oykos,110,138,12.5,0.4
27/02/23,,,,,,,1,,"Coffee, milk, sugar",100,49,8.2,0
,,,,,,,104,,"Apples, braeburn",1,57,11.6,0
,,,,,,,2,,chocolate hot x buns,70,304,53,3.4
28/02/23,,,,,,,1,,"Coffee, milk, sugar",100,49,8.2,0
,,,,,,,1,,chocolate hot x buns,70,304,53,3.4
,,,,,,,1,,chocolate hot x buns,70,304,53,3.4
,,,,,,,2,,"Plum, ripe and ready",66,42,8.8,3.1
,,,,,,,1,,Macaroni cheese (sainsb),375,156,15.9,2.6
,,,,,,,104,,"Apples, braeburn",1,57,11.6,0
,,,,,,,80,,"Pasta wholemeal, dry",1,348,75,0
27/03/23,,,,,,,225,,Beef steaks,1,192,0.2,0.2
,,,,,,,2,,"Bread, granary",38,256,46.4,3.7
,,,,,,,1,2,"Baked beans, tin",415,78,12.5,3.6
,,,,,,,1,,"Oranges, easy peelers",60,43,9.1,0
,,,,,,,200,,Home made salad,1,50,3.2,0
,,,,,,,95,,Coleslaw cheesy,1,235,4.8,1.1
,,,,,,,160,,Oven chips,1,208,31,2.3
,,,,,,,1,,Plum,90,50,12.5,4.5
,,,,,,,1,,Plum,60,50,12.5,4.5
,,,,,,,3,,"Sugar, tsp",1,400,99.9,0
28/03/23,,,,,,,1,,Plum,90,50,12.5,4.5
,,,,,,,1,,Plum,60,50,12.5,4.5
,,,,,,,1,,"Orange, with skin",120,47,12,2.4
,,,,,,,104,,"Apples, braeburn",1,57,11.6,0
11/08/23,,,,,,,3,,"Eggs, omelette",49.7,145,4.4,0
,,,,,,,2,,"Ham, slice",30,133,0.2,0
,,,,,,,50,,Cheddar,1,416,0.2,0
,,,,,,,40,,"Tomato, small",1,20,3.1,1
,,,,,,,10,,Butter,1,516,0.4,0
,,,,,,,1,,Smoked cod fillets,230,91,0.1,0.1
,,,,,,,130,2,Green beans,1,32,3.1,3.4
,,,,,,,140,2,Broccoli,1,32,3.9,2.6
,,,,,,,150,2,Prawns,1,108,0.2,0
,,,,,,,45,,"Mayonnnaise, Hellmanns light",1,264,6,0
,,,,,,,2,,Apricot,30,45,9,1.5
,,,,,,,1,,"Coffee, milk, sugar",100,49,8.2,0
,,,,,,,220,2,Cauliflower,1,25,4.4,1.8
12/08/23,,,,,,,56,,"Tomato, small",1,20,3.1,1
,,,,,,,99,,Cucumber,1,15,3.6,0.5
,,,,,,,58,,Pepper Orange,1,32,7.6,1.4
,,,,,,,40,,Carrot,1,41,9.6,2.8
,,,,,,,9,,Onion,1,34.8,7.8,1.5
,,,,,,,124,,Lettuce iceberg,1,14,1.3,1.3
,,,,,,,69,,White cabbage,1,25,6,2.5
,,,,,,,62,,"Ham, slice",1,133,0.2,0
,,,,,,,22,,"Vinegar, tsp",1,14,1.8,0.2
,,,,,,,1,,"Coffee, milk, sugar",100,49,8.2,0
,,,,,,,134,3,Courgette,1,17,3.1,1
,,,,,,,110,3,Green beans,1,32,3.1,3.4
,,,,,,,148,3,Onion,1,34.8,7.8,1.5
,,,,,,,1,3,Chicken breast fillets,650,137,0.2,0
,,,,,,,132,3,"Apples, braeburn",1,57,11.6,0
,,,,,,,78,3,Coconut Cream,1,219,4.5,0.2
,,,,,,,148,3,Carrots,1,41,9.6,2.8
,,,,,,,26,,Olive oil,1,823,0,0
,,,,,,,1.5,3,"Half sugar, teaspoon",4,400,98.9,0
,,,,,,,35,3,Thai Curry paste,1,76,11.3,0
,,,,,,,10,3,Tomato puree,1,94,15.4,2.5
,,,,,,,10,3,garlic paste,1,101,13.7,2
,,,,,,,144,,Cottage cheese,1,104,3.6,0
13/08/23,,,,,,,45,,"Cheddar, grated",1,416,0.2,0
,,,,,,,50,,Cucumber,1,15,3.6,0.5
,,,,,,,80,,"Tomato, small",1,20,3.1,1
,,,,,,,32,,Butter,1,516,0.4,0
,,,,,,,1,,Jacket potato,160,93,21,1.8
,,,,,,,175,4,Onion,1,34.8,7.8,1.5
,,,,,,,105,4,Carrot,1,41,9.6,2.8
,,,,,,,110,4,Courgette,1,17,3.1,1
,,,,,,,87,4,Parsnip,1,72,11.4,4.5
,,,,,,,287,4,"Peas, frozen",1,85,10.8,5.6
,,,,,,,1087,4,Frozen mash,1,103,15,1
,,,,,,,,4,"Sweetcorn, tin",157,77,11.8,2.5
,,,,,,,,4,Beef mince,500,168,0.1,0
,,,,,,,2,4,Oxo cube,6,283,46.8,0
,,,,,,,13,4,Tomato puree,1,94,15.4,2.5
,,,,,,,14,4,garlic paste,1,101,13.7,2
,,,,,,,15,4,Olive oil,1,823,0,0
,,,,,,,2,,Apricot,30,45,9,1.5
,,,,,,,1,,"Plum, ripe and ready",80,42,8.8,3.1
,,,,,,,,,peach,75,45,9,1.5
16/08/23,,,,,,,3,,"Eggs, omelette",49.7,145,4.4,0
,,,,,,,30,,"Cheddar, grated",1,416,0.2,0
,,,,,,,10,,Olive oil,1,823,0,0
,,,,,,,10,,Butter,1,516,0.4,0
,,,,,,,35,,"Mayonnnaise, Hellmanns light",1,264,6,0
,,,,,,,240,,Salad inc sweetcorn,1,56,10,2.7
,,,,,,,60,,grenade bar salted choc,1,376,34,4.1
,,,,,,,220,,caramel macchiato starbucks take away,2,61,9.2,0
,,,,,,,231,3,Chicken egg foo yong,1,141,4.4,0.6
,,,,,,,,3,Chicken chow mein,250,527,57.5,7.5
,,,,,,,1.5,,chinese t/w chicken balls,25,580,64,0
17/08/23,,,,,,,1,,Chicken breast,83,137,0.2,0
,,,,,,,,,"Avocado, small",110,198,1.9,3.4
,,,,,,,,,Extra large king prawns,93,301,0.9,0.2
,,,,,,,,,"Mayonnnaise, Hellmanns light",28,264,6,0
,,,,,,,,,Cashew nuts,25,601,18.1,0
,,,,,,,,1,"Tomato, beef",70,20,3.1,1
,,,,,,,,,"mushrooms, chestnut",125,13,0.4,0.6
,,,,,,,2,,"Eggs, scrambled",57,143,0.4,0.4
,,,,,,,3,,"Back bacon, rasher",31,229.2,0,0
,,,,,,,,,Butter,10,516,0.4,0
,,,,,,,,,Olive oil,7,823,0,0
,,,,,,,3,,Chipolata sausages,31,291,3.1,1
19/08/23,,,,,,,60,,grenade bar salted choc,2,376,34,4.1
,,,,,,,,,"Apples, braeburn",85,57,11.6,0
,,,,,,,1,,"Orange, with skin",120,47,12,2.4
,,,,,,,1,,"Plum, ripe and ready",80,42,8.8,3.1
,,,,,,,,,peach,75,45,9,1.5
,,,,,,,,,Nectarine,80,45,9,1.2
,,,,,,,,4,Beef mince,500,168,0.1,0
,,,,,,,,4,Onion,150,34.8,7.8,1.5
,,,,,,,120,4,Pepper Orange,1,32,7.6,1.4
,,,,,,,14,4,garlic paste,1,101,13.7,2
,,,,,,,,4,"Passata, carton",500,22,3.1,1.2
,,,,,,,2,3,"Rice, brown basmati micro",250,133,27.6,0.9
20/08/23,,,,,,,60,,grenade bar salted choc,1,376,34,4.1
,,,,,,,2,,"Wholemeal bread, Coop",45,231,37,7.7
,,,,,,,35,,Cheddar,1,416,0.2,0
,,,,,,,30,,Cucumber,1,15,3.6,0.5
,,,,,,,,,Hot cross buns,57.8,280,47.6,8
,,,,,,,,,Grapes (10),30,75,17,0
,,,,,,,50,,"cherries, with stones",1,58,13.4,0
,,,,,,,,3,Beef steaks,200,192,0.2,0.2
,,,,,,,240,,Salad inc sweetcorn,1,56,10,2.7
,,,,,,,50,,Coleslaw,1,181,5.4,1.5
,,,,,,,50,,Broccoli,1,32,3.9,2.6
,,,,,,,50,,Cauliflower,1,25,4.4,1.8
,,,,,,,50,,"Peas, frozen",1,85,10.8,5.6
,,,,,,,70,,"Mashed potatoes, pellet",3,103,15,1
21/08/23,,,,,,,2,,Hot cross buns,57.8,280,47.6,8
,,,,,,,2,,"Granary bread, slice",38,256,46.4,3.7
,,,,,,,35,,Cheddar,1,416,0.2,0
,,,,,,,0.8,,"Tomato, small",60,20,3.1,1
,,,,,,,,,"Cake, slice",150,365,68.9,2.6
,,,,,,,76,3,Carrots,1,41,9.6,2.8
,,,,,,,98,3,Green beans,1,32,3.1,3.4
,,,,,,,150,3,Cauliflower,1,25,4.4,1.8
,,,,,,,,3,Onion,256,34.8,7.8,1.5
,,,,,,,1,3,Chicken breast,320,137,0.2,0
,,,,,,,75,3,"Peas, frozen",1,85,10.8,5.6
,,,,,,,,3,Apple,110,57,11.6,0
,,,,,,,15,3,Tomato puree,1,89,13.7,2.5
,,,,,,,50,3,Coconut Cream,1,219,4.5,0.2
,,,,,,,,3,"Rice, brown basmati micro",250,133,27.6,0.9
,,,,,,,1,,magnum mint,100,236,24,0.6
21/09/23,,,,,,,0.8,,"Tomato, small",60,20,3.1,1
,,,,,,,2.5,,"Wholemeal bread, Coop",45,231,37,7.7
,,,,,,,35,,Cheddar,1,416,0.2,0
,,,,,,,2,,Bertolli spread,5,528,0.1,0
,,,,,,,1,,Chicken drumsticks,80,160,0,0
,,,,,,,2,,Sausages,56.6,211,3.7,0.9
,,,,,,,3,,Carrots,40,41,9.6,2.8
,,,,,,,3,,"Ham, slice",30,133,0.2,0
,,,,,,,1,,"Pear, ripe and ready",120,43,10.9,1.6
,,,,,,,,,Nectarine,115,45,9,1.2
,,,,,,,,,peach,90,45,9,1.5
,,,,,,,1,,"Orange, with skin",120,47,12,2.4
,,,,,,,1,3,Leeks,166.7,27,2.8,5
,,,,,,,,3,Onion,100,34.8,7.8,1.5
,,,,,,,,2,Cauliflower,100,25,5,1.8
,,,,,,,210,3.3,"Flour, plain",1,335,69.9,3.5
,,,,,,,270,3.3,"Milk, skimmed",1,37,5,0
,,,,,,,3,3.3,Eggs,50,143,0.7,0
22/09/23,,,,,,,2,,Hot cross buns,57.8,280,47.6,8
,,,,,,,,,Carrots,95,41,9.6,2.8
,,,,,,,100,4,Green beans,1,32,3.1,3.4
,,,,,,,,4,Onion,100,34.8,7.8,1.5
,,,,,,,,4,"Pepper, red",115,32,7.6,1.4
,,,,,,,,4,"Sweetcorn, tin",157,77,11.8,2.5
,,,,,,,0.5,4,Chorizo,225,477,1.2,0.1
,,,,,,,,4,"Chopped tomatoes, tin",400,24,3.5,0.9
,,,,,,,2,4,Smoked cod fillets,230,91,0.1,0.1
,,,,,,,,4,"Salmon fillets, Mowi",190,241,0.1,0.1
,,,,,,,,,Apple,113,57,11.6,0
,,,,,,,,2,"Pear, ripe and ready",140,43,10.9,1.6
,,,,,,,,,Nectarine,150,45,9,1.2
23/09/23,,,,,,,2,,"Eggs, boiled",49.7,145,4.4,0
,,,,,,,2,,"Wholemeal bread, Coop",45,231,37,7.7
,,,,,,,2,,Bertolli spread,5,528,0.1,0
,,,,,,,,,doner kebab meat,150,377,0,0
,,,,,,,0.5,,Pitta bread,56,241,42.3,3
,,,,,,,2,,Apricot,30,45,9,1.5
,,,,,,,1,,"Plum, ripe and ready",80,42,8.8,3.1
,,,,,,,,2,Watermelon,440,35,7.6,0.1
,,,,,,,1,,Home made salad,100,50,3.2,0
24/09/23,,,,,,,,2,Watermelon,440,35,7.6,0.1
,,,,,,,2,,Apricot,30,45,9,1.5
,,,,,,,2,,Hot cross buns,57.8,280,47.6,8
,,,,,,,1,,"Plum, ripe and ready",80,42,8.8,3.1
,,,,,,,2,,Chicken drumsticks,80,160,0,0
,,,,,,,150,3,"Peas, frozen",1,85,10.8,5.6
,,,,,,,,3,"Sweetcorn, tin",157,77,11.8,2.5
,,,,,,,,,Carrots,120,41,9.6,2.8
,,,,,,,,,Cauliflower,50,25,5,1.8
,,,,,,,,3,Green beans,120,32,3.1,3.4
,,,,,,,2,,"Yorkshire pudding, small",18.3,248,41,2.8
,,,,,,,,,Olive oil,10,823,0,0
,,,,,,,,3,Butter,10,516,0.4,0
,,,,,,,,,"Gravy granules, beef",5,397,59.8,2.1
22/07/24,,,,,,,1,,"Coffee, milk, sugar",100,49,8.2,0
,,,,,,,1,,Smoked salmon slices,100,202,1.5,0.5
,,,,,,,75,,Ryvita Thins multi seed,1,435,64.3,1.6
,,,,,,,80,,smoked salmon pate,1,227,7.4,0
,,,,,,,150,,onken mango yogurt,1,96,13,0.2
,,,,,,,50,,"cherries, with stones",1,58,13.4,0
,,,,,,,2,,"Plum, ripe and ready",80,42,8.8,3.1
,,,,,,,1,,"Orange, with skin",120,47,12,2.4
,,,,,,,2,,"Olive oil, tsp",5,823,0,0
,,,,,,,1,,Tortelloni spinach & ricotta,300,161,25.7,1.7
23/07/24,,,,,,,2,,"Granary bread, slice",38,256,46.4,3.7
,,,,,,,1,2,"Baked beans, tin",415,78,12.5,3.6
,,,,,,,78,,M&S ice lolly,1,104,18,0.5
,,,,,,,75,,"Spaghetti, dry",1,355.6,72.2,3.1
,,,,,,,,3,Onion,100,34.8,7.8,1.5
,,,,,,,,3,"Pepper, red",115,32,7.6,1.4
,,,,,,,110,3,Courgette,1,17,3.1,1
,,,,,,,,3,"Sweetcorn, tin",157,77,11.8,2.5
,,,,,,,2,3,Tinned tomatoes,400,24,3.5,1
,,,,,,,1,2,Meatballs,350,170,20,0.2
,,,,,,,2,,"Plum, ripe and ready",80,42,8.8,3.1
,,,,,,,66,,Strawberries,1,33,6.1,0
,,,,,,,,,Nectarine,150,45,9,1.2
,,,,,,,1,,"Coffee, milk, sugar",100,49,8.2,0
03/08/24,,,,,,,,,Lamb roast,100,258,0,0
,,,,,,,,,Carrots,40,41,9.6,2.8
,,,,,,,50,,Parsnip,1,72,11.4,4.5
,,,,,,,50,,Peas,1,85,10.8,5.6
,,,,,,,30,,"Cabbage, white",1,32,5,2.1
,,,,,,,,3,"Yorkshires, ""giant""",45,278,42.2,2.6
,,,,,,,50,,Clotted cream,1,586,2.3,0
,,,,,,,,,Custard,50,101,16.1,0
,,,,,,,,,Meringue nest,30,50,11.7,0
04/08/24,,,,,,,1,3,Tinned tomatoes,400,24,3.5,1
,,,,,,,1,,"Plum, ripe and ready",80,42,8.8,3.1
,,,,,,,,3,"Pepper, red",115,32,7.6,1.4
,,,,,,,1.5,3,Onion,100,34.8,7.8,1.5
,,,,,,,110,3,Courgette,1,17,3.1,1
,,,,,,,,3,Beef mince,500,168,0.1,0
,,,,,,,,3,Strawberries,250,30,6,0
,,,,,,,50,,"cherries, with stones",1,58,13.4,0
,,,,,,,240,,Salad inc sweetcorn,1,56,10,2.7
,,,,,,,,,Olive oil,10,823,0,0
,,,,,,,1,,"Orange, with skin",120,47,12,2.4
05/08/24,,,,,,,1,,Salad inc sweetcorn,300,56,10,2.7
,,,,,,,3,,"Eggs, omelette",49.7,145,4.4,0
,,,,,,,1,,"Cheddar, grated",65,416,0.2,0
,,,,,,,1,4,Gammon steak,900,158,1,0.6
,,,,,,,,2,Broccoli,160,32,3.9,2.6
,,,,,,,1,3,Leeks,220,27,2.8,5
,,,,,,,1,3,"Peas, frozen",150,85,10.8,5.6
06/08/24,,,,,,,,,greek yoghurt natural full fat,86,103,4.2,0.3
,,,,,,,,,Strawberries,65,33,6.1,0
,,,,,,,,,Blueberries,65,43,8.7,3.5
,,,,,,,,,"Eggs, 3x medium egg omelette",100,155,1.1,0
,,,,,,,1,,Smoked salmon slices,50,202,1.5,0.5
,,,,,,,,,"Salmon fillets, Mowi",120,241,0.1,0.1
,,,,,,,1,2,"Peas, frozen",150,85,10.8,5.6
,,,,,,,,2,Broccoli,150,32,3.9,2.6
,,,,,,,,,Crunchy salad,150,27,3.7,0.9
,,,,,,,1,,"Coffee, milk, sugar (2)",100,49,12,0
07/08/24,,,,,,,,3,Chorizo,20,338,4.7,0.9
,,,,,,,,,Fast 800 Greek Salad,100,322,6.5,3.5
,,,,,,,,2,feta cheese,50,276,0.7,0
,,,,,,,,,Fast 800 chicken chorizo bake,100,421,17,7
08/08/24,,,,,,,,,"Fast 800 park, apple and leek",133,355,7,3.5
,,,,,,,,,Fast 800 Speedy Tomato Soup,100,192,20,6.5
,,,,,,,,,Fast 800 Warm Berry Compote,100,190,17,2.5
09/08/24,,,,,,,,,Strawberries,100,33,6.1,0
,,,,,,,,,Blueberries,100,43,8.7,3.5
,,,,,,,,,Fast 800 Turkey fajitas,100,195,7.5,3
,,,,,,,,,Carrots,40,41,9.6,2.8
,,,,,,,,,Cauliflower,50,25,5,1.8
,,,,,,,,,Courgette,75,17,3.1,1
,,,,,,,,,"Celery, stick",50,16,3,1.6
,,,,,,,,,Cucumber,30,15,3.6,0.5
,,,,,,,,,Fast 800 Mackerel Pate,100,298,2,0.5
,,,,,,,,,Ryvita Thins multi seed,18,435,64.3,1.6
,,,,,,,2,,"Wraps, sainsburys wholemeal",62,278,44.6,10.1
,,,,,,,,3,"Onion, medium",120,34.8,7.8,1.5
,,,,,,,1,,Smoked salmon slices,50,202,1.5,0.5
11/08/24,,,,,,,,,Fast 800 veggie bolognese,133,207,16,8
,,,,,,,1,3,Tinned tomatoes,100,24,3.5,1
,,,,,,,,3,Olive oil,30,823,0,0
12/08/24,,,,,,,1,,"Granary bread, slice",38,256,46.4,3.7
,,,,,,,,4,Pepper Orange,115,32,7.6,1.4
,,,,,,,,4,"Sweetcorn, tin",165,77,11.8,2.5
,,,,,,,,,Fast 800 bean chilli,100,346,26,10
,,,,,,,,,fast 800 advocado on toast,100,198,10.5,5
,,,,,,,1,,fast 800 spiced plum and peach,100,233,30,2.5
,,,,,,,,,streaky bacon,30,337,1,0.6
13/08/24,,,,,,,,,"Salted caramel latte frappe Costa, per drink",100,302,37,0
,,,,,,,,,Fast 800 Mackerel Pate,100,298,2,0.5
,,,,,,,,,Carrots,40,41,9.6,2.8
,,,,,,,,,Broccoli,50,32,3.9,2.6
,,,,,,,,,Cauliflower,75,25,5,1.8
,,,,,,,,,Courgette,75,17,3.1,1
,,,,,,,,,fast 00 salmon and leek quiche,100,507,2.5,2
,,,,,,,,2,Broccoli,150,32,3.9,2.6
,,,,,,,,2,Cauliflower,100,25,5,1.8
,,,,,,,50,2,Spinach,1,23,3.6,2.2
,,,,,,,,,Strawberries,65,33,6.1,0
,,,,,,,,,Blueberries,65,43,8.7,3.5
14/08/24,,,,,,,2,,fast 800 pear & cinnamon porridge,100,267,38,6
,,,,,,,,,Fast 800 chicken tikka masala,100,427,11.5,4
,,,,,,,1,2,Tinned tomatoes,400,24,3.5,1
,,,,,,,,2,"Rice, brown basmati micro",250,133,27.6,0.9
15/08/24,,,,,,,,,M&S potato & egg salad,100,57,5.4,1.3
,,,,,,,2,,"Tea, milk",15,37,5,0
,,,,,,,,,tandori mixed grill,100,515,10,1
,,,,,,,,2,take away matar paneer,100,232,42,0.5
,,,,,,,,,Strawberries,100,33,6.1,0
,,,,,,,,,Blueberries,30,43,8.7,3.5
,,,,,,,,,Nectarine,115,45,9,1.2
16/08/24,,,,,,,,2,natural greek yogurt,500,103,4.2,0.5
,,,,,,,,2,frozen raspberries,150,40,4.2,6.8
,,,,,,,,2,frozen strawberries & blueberries,200,42,7.6,2.6
,,,,,,,5,2,Dates,19,279,64.5,6.7
,,,,,,,,,fast 800 one pot roast chicken,100,460,20,8.5
,,,,,,,2,3,"Back bacon, rasher",26,229.2,0,0
,,,,,,,,3,1/2 Leek,90,27,2.8,5
,,,,,,,,2,Cauliflower,75,25,5,1.8
,,,,,,,1,3,"Peas, frozen",100,85,10.8,5.6
,,,,,,,,3,Vegetable stock cube,6,271,49.1,0.8
17/08/24,,,,,,,,,Fast 800 Greek Salad,100,322,6.5,3.5
,,,,,,,,,Fast 800 stir fry tuna with Hoisin,100,328,16.5,9
,,,,,,,,2,bamboo shoots,120,13,1.5,1.6
,,,,,,,,2,water chestnuts,140,28,5,1.6
,,,,,,,,,fast 800 pear & cinnamon porridge,100,267,38,6
,,,,,,,2,,Plum,60,50,12.5,4.5
18/08/24,,,,,,,,,fast 800 advocado on toast,100,198,10.5,5
,,,,,,,,2,sourdough bread,48,237,40.2,4.7
,,,,,,,,3,harricot beans,265,101,12.1,9.5
,,,,,,,2,3,"Back bacon, rasher",31,229.2,0,0
,,,,,,,4,3,fast 800 simple chicken casserole,100,303,9,44
,,,,,,,,,onken mango yogurt,150,96,13,0.2
,,,,,,,1,,"Orange, with skin",120,47,12,2.4
19/08/24,,,,,,,2,3,M&S vegetable soup,400,33,5.8,1.1
,,,,,,,,,M&S part baked rolls,66,278,56.1,1.8
,,,,,,,,,M&S colin caterpillar ini roll,100,159,19,0.5
,,,,,,,3,5,M&S puppy parade chocolates,53,561,55.4,1.5
,,,,,,,,,fast 800 one pot cassuolet,100,445,19,8
,,,,,,,3,3,"Olive oil, tsp",5,823,0,0
,,,,,,,,4,Pepper Orange,115,32,7.6,1.4
,,,,,,,,3,Chorizo,25,338,4.7,0.9
20/08/24,,,,,,,,,M&S potato & egg salad,100,57,5.4,1.3
,,,,,,,3,,"Ham, slice",30,133,0.2,0
,,,,,,,1,,Chicken breast,30,137,0.2,0
,,,,,,,,,Roast beef,30,128,0,0
,,,,,,,,,Extra large king prawns,50,301,0.9,0.2
,,,,,,,,,Strawberries,100,33,6.1,0
,,,,,,,,,Blueberries,65,43,8.7,3.5
,,,,,,,,,Raspberries,60,31,4.4,0
,,,,,,,1,,Clotted cream,50,586,2.3,0
,,,,,,,,,Coleslaw,75,181,5.4,1.5
,,,,,,,,,"Bread, white crust",150,239,45.6,1
,,,,,,,,,Butter,10,516,0.4,0
,,,,,,,,,Paprika crisps,100,143,13.8,0.8
21/08/24,,,,,,,,,Strawberries,100,33,6.1,0
,,,,,,,,,Blueberries,100,43,8.7,3.5
,,,,,,,,,Raspberries,60,31,4.4,0
,,,,,,,,,onken mango yogurt,300,96,13,0.2
,,,,,,,,,Fast 800 Greek Salad,100,322,6.5,3.5
,,,,,,,,,Grapes (10),150,75,17,0
22/08/24,,,,,,,,4,"Goats cheese, french",50,291,1,0
,,,,,,,,2,"Rice, brown basmati micro",250,133,27.6,0.9
,,,,,,,,,frozen strawberries & blueberries,75,42,7.6,2.6
,,,,,,,,,frozen raspberries,75,40,4.2,6.8
,,,,,,,,,oatmeal,30,368,47.8,16.1
,,,,,,,,,Fast 800 beef strogonof,100,392,14,3
,,,,,,,,,Fast 800 Goats chees frittata,100,293,5,2
01/09/24,,,,,,,,,Ryvita Thins multi seed,18,435,64.3,1.6
,,,,,,,100,,Tzatziki,1,129,4.4,0.3
,,,,,,,,,Cucumber,30,15,3.6,0.5
,,,,,,,,,Broccoli,50,32,3.9,2.6
,,,,,,,,,Courgette,75,17,3.1,1
,,,,,,,50,,Oven chips,1,208,31,2.3
,,,,,,,,,Carrots,75,41,9.6,2.8
,,,,,,,,,Cod in breadcrumbs,220,211,22,0.8
02/09/24,,,,,,,,2,Broccoli,150,32,3.9,2.6
,,,,,,,,,"Rice, brown basmati micro",100,133,27.6,0.9
,,,,,,,1,,Chicken breast,100,137,0.2,0
,,,,,,,1,2,"Peas, frozen",100,85,10.8,5.6
,,,,,,,,4,Pepper Orange,115,32,7.6,1.4
,,,,,,,,,Courgette,150,17,3.1,1
,,,,,,,,,Carrots,150,41,9.6,2.8
,,,,,,,,2,"Onion, medium",120,34.8,7.8,1.5
,,,,,,,1,2,Tinned tomatoes,400,24,3.5,1
,,,,,,,,,hummus,200,213,9.5,3.2
,,,,,,,,2,"Tikka Masala,pot",70,270,7.8,0.7
03/09/24,,,,,,,,,fast 800 advocado on toast,100,198,10.5,5
,,,,,,,,,Fast 800 mediterranean fish bake,100,384,15,7
,,,,,,,,,Watermelon cooler,250,30,8,0.4
,,,,,,,,,Fast 800 Warm Berry Compote,100,190,17,2.5
04/09/24,,,,,,,,,Fast 800 stir fry tuna with Hoisin,100,328,16.5,9
,,,,,,,3,2,"Olive oil, tsp",5,823,0,0
,,,,,,,2,,Fast 800 Warm Berry Compote,100,190,17,2.5
05/09/24,,,,,,,2,3,M&S vegetable soup,400,33,5.8,1.1
,,,,,,,1.33,,fast 800 one pot cassuolet,100,445,19,8
,,,,,,,,,M&S part baked rolls,75,278,56.1,1.8
,,,,,,,2,,"Coffee, milk, sugar (2)",100,49,12,0
06/09/24,,,,,,,,,"Pepper, red",60,32,7.6,1.4
,,,,,,,,,"Goats cheese, french",60,291,1,0
,,,,,,,,,"Onion, medium",50,34.8,7.8,1.5
,,,,,,,,,Courgette,50,17,3.1,1
,,,,,,,,,Olive oil,10,823,0,0
,,,,,,,,,"Olives, black",25,160,0.1,3
,,,,,,,3,,Eggs,50,155,1.1,0
,,,,,,,,,"Tomato, small",70,20,3.1,1
,,,,,,,,,Lettuce iceberg,80,14,1.3,1.3
,,,,,,,1,4,Chicken breast,200,137,0.2,0
,,,,,,,,4,Dried apricots,41,181,36.5,3
,,,,,,,,,fast 800 chicken tagine,100,447,27,10
07/09/24,,,,,,,,,"Goats cheese, french",60,291,1,0
,,,,,,,5,13,Ryvita Thins multi seed,125,435,64.3,10.6
,,,,,,,1,,Smoked salmon slices,100,202,1.5,0.5
,,,,,,,,,Blueberries,100,43,8.7,3.5
,,,,,,,,,Strawberries,50,33,6.1,0
,,,,,,,1,,"Orange, with skin",60,47,12,2.4
08/09/24,,,,,,,8,13,Ryvita Thins multi seed,125,435,64.3,10.6
,,,,,,,1,,Smoked salmon slices,100,202,1.5,0.5
,,,,,,,,,Cucumber,125,15,3.6,0.5
,,,,,,,,3,philadelphia original,165,226,4.3,0.2
,,,,,,,,,fast 800 one pot roast chicken,100,460,20,8.5
,,,,,,,2,8,JS TTD smoked back bacon,240,255,0.5,1
,,,,,,,,4,"JS TTD sage, onion, lemon stuffing",110,168,33.3,5.5
09/09/24,,,,,,,,3,Beef mince,500,168,0.1,0
,,,,,,,1,3,Tinned tomatoes,400,24,3.5,1
,,,,,,,,3,Courgette,75,17,3.1,1
,,,,,,,,3,"Sweetcorn, tin",165,77,11.8,2.5
,,,,,,,,3,Onion,256,34.8,7.8,1.5
,,,,,,,,3,Pepper Orange,250,32,7.6,1.4
,,,,,,,,,"Salad, mixed",200,14,1.3,1.4
,,,,,,,,3,"Olives, black",50,160,0.1,3
,,,,,,,,3,Pesto,100,298,8.1,2.5
,,,,,,,,,"Salad, mixed",200,14,1.3,1.4
,,,,,,,,,Greek yoghurt with honey,100,141,13.7,0
,,,,,,,2,,"Toast, slice",39,234,41.9,4.7
10/09/24,,,,,,,,4,"Tomato, small",220,20,3.1,1
,,,,,,,,4,Pepper Orange,110,32,7.6,1.4
,,,,,,,,4,Onion,27,34.8,7.8,1.5
,,,,,,,,4,White cabbage,70,25,6,2.5
,,,,,,,,2,White cabbage,73,25,6,2.5
,,,,,,,,4,Carrots,44,41,9.6,2.8
,,,,,,,,2,Carrots,62,41,9.6,2.8
,,,,,,,,4,Lettuce iceberg,125,14,1.3,1.3
,,,,,,,,,Beef steaks,120,192,0.2,0.2
,,,,,,,,4,"Celery, stick",50,16,3,1.6
,,,,,,,,4,Cucumber,105,15,3.6,0.5
,,,,,,,,2,Salad cream,50,331,20.8,0
,,,,,,,,2,"Mayonnnaise, Hellmanns light",50,264,6,0
,,,,,,,,,"mushrooms, chestnut",75,13,0.4,0.6
,,,,,,,,,Strawberries,75,33,6.1,0
,,,,,,,,,Blueberries,75,43,8.7,3.5
,,,,,,,,,"Eggs, 3x medium egg omelette",100,155,1.1,0
,,,,,,,,,"Salad, mixed",100,14,1.3,1.4
11/09/24,,,,,,,2,,fast 800 pear & cinnamon porridge,100,267,38,6
,,,,,,,,,fast 800 simple dhicken casserole,100,303,9,4
,,,,,,,2,24,JS TTD smoked back bacon,240,255,0.5,1
,,,,,,,,3,Green beans,60,32,3.1,3.4
,,,,,,,,3,Leeks,120,27,2.8,5
12/09/24,,,,,,,1.33,,fast 800 one pot cassuolet,100,445,19,8
,,,,,,,,6,Pepper Orange,250,32,7.6,1.4
,,,,,,,,3,Leeks,120,27,2.8,5
,,,,,,,,3,Pak choi,200,22,1.9,5
,,,,,,,,3,Butter,22,516,0.4,0
,,,,,,,,3,Olive oil,10,823,0,0
,,,,,,,,,Sugar,9,400,99.9,0
,,,,,,,,,"Milk, skimmed",100,37,5,0
,,,,,,,,,Strawberries,75,33,6.1,0
,,,,,,,,,Blueberries,75,43,8.7,3.5
13/09/24,,,,,,,,,Fast 800 Greek Salad,100,322,6.5,3.5
,,,,,,,,,Lettuce iceberg,125,14,1.3,1.3
,,,,,,,,,fast 800 chicken in parma ham,100,321,10,3.5
,,,,,,,,3,Olive oil,15,823,0,0
,,,,,,,2,,"Salad, mixed",100,14,1.3,1.4
,,,,,,,,,Apple,113,57,11.6,0
,,,,,,,,,Strawberries,50,33,6.1,0
,,,,,,,,,Blueberries,50,43,8.7,3.5
15/09/24,,,,,,,,,Fast 800 bean chilli,100,346,26,10
,,,,,,,4,2,"Onion, medium",120,34.8,7.8,1.5
,,,,,,,1.54,3,Pepper Orange,250,32,7.6,1.4
,,,,,,,,4,Courgette,110,17,3.1,1
,,,,,,,4,3,"Half sugar, flat teaspoon",6,400,99.9,0
,,,,,,,2,,"Salad, mixed",100,14,1.3,1.4
,,,,,,,,,"Apples, braeburn",85,57,11.6,0
,,,,,,,1,,"Orange, with skin",120,47,12,2.4
16/09/24,,,,,,,,,"Eggs, 3x medium egg omelette",100,155,1.1,0
,,,,,,,,,"mushrooms, chestnut",100,13,0.4,0.6
,,,,,,,,,"Tomato, small",70,20,3.1,1
,,,,,,,1,,"Cheddar, grated",50,416,0.2,0
,,,,,,,,,Butter,14,516,0.4,0
,,,,,,,,,"Olive oil, tsp",5,823,0,0
17/09/24,,,,,,,,,fast 800 beef rendang,100,482,12.5,2.5
,,,,,,,,4,"Half sugar, flat teaspoon",6,400,99.9,0
,,,,,,,,4,Olive oil,15,823,0,0
,,,,,,,,4,Butter,14,516,0.4,0
,,,,,,,,4,"rice, basmati not micro",320,354,78.5,0.1
18/09/24,,,,,,,1,,Smoked salmon slices,100,202,1.5,0.5
,,,,,,,,,philadelphia original,100,226,4.3,0.2
,,,,,,,,,Cucumber,105,15,3.6,0.5
,,,,,,,5,13,Ryvita Thins multi seed,125,435,64.3,10.6
,,,,,,,,,Fast 800 Turkey fajitas,100,195,7.5,3
,,,,,,,,2,"Olive oil, tsp",5,823,0,0
19/09/24,,,,,,,,,"Ham, slice",30,133,0.2,0
,,,,,,,1.5,,M&S part baked rolls,50,237,50,3.7
,,,,,,,,3,M&S beetroot cocktail,180,60,11.4,2.5
,,,,,,,,,Grapes (10),65,75,17,0
,,,,,,,,,fast 800 pesto lentils,100,331,24,9
,,,,,,,,3,M&S couscous fruity moroccon,200,182,34.5,3.7
,,,,,,,,,mandarin,100,41,9.6,1.2
20/09/24,,,,,,,8,13,Ryvita Thins multi seed,125,435,64.3,10.6
,,,,,,,,2.5,philadelphia original,165,226,4.3,0.2
,,,,,,,1,,Smoked salmon slices,100,202,1.5,0.5
,,,,,,,,,Cucumber,105,15,3.6,0.5
,,,,,,,,,fast 800 one pot roast chicken,100,460,20,8.5
21/09/24,,,,,,,1.4,,fast 800 one pot cassuolet,100,445,19,8
,,,,,,,,2,Broccoli,150,32,3.9,2.6
,,,,,,,,2,"Coffee, milk, sugar (2)",100,49,12,0
,,,,,,,,,Nectarine,115,45,9,1.2
,,,,,,,,,"Apples, braeburn",85,57,11.6,0
22/09/24,,,,,,,,,"Eggs, 3x medium egg omelette",100,155,1.1,0
,,,,,,,,,"Ham, slice",30,133,0.2,0
,,,,,,,,,"Goats cheese, french",50,291,1,0
,,,,,,,2,,"Salad, mixed",100,14,1.3,1.4
,,,,,,,,,"mushrooms, chestnut",75,13,0.4,0.6
,,,,,,,,,Butter,14,516,0.4,0
,,,,,,,1.33,,Fast 800 bean chilli,100,346,26,10
,,,,,,,2,,Strawberries,75,33,6.1,0
23/09/24,,,,,,,,,fast 800 chicken pepper and chorizo bake,100,421,17,7
,,,,,,,,2,Broccoli,150,32,3.9,2.6
,,,,,,,,2,Carrots,150,41,9.6,2.8
,,,,,,,,2,Cauliflower,175,25,5,1.8
,,,,,,,,,drink,100,49,12,0
,,,,,,,,,Fast 800 Warm Berry Compote,100,190,17,2.5
,,,,,,,,,frozen strawberries & blueberries,150,42,7.6,2.6
24/09/24,,,,,,,,,sourdough bread,80,237,40.2,4.7
,,,,,,,,,sainsburys crunchy peanut butter,20,631,12.8,6.9
,,,,,,,,,"Jam, strawberry",10,254,61.9,1.7
,,,,,,,,,"Apples, braeburn",140,57,11.6,0
,,,,,,,,,fast 800 swedish spicy carrot and cod,100,279,9,5
,,,,,,,,2,Broccoli,150,32,3.9,2.6
,,,,,,,,2,Pak choi,200,22,1.9,5
,,,,,,,15,,"Tea, milk",1,37,5,0
,,,,,,,,,Sugar,5,400,99.9,0
,,,,,,,,,"Pear, conference",100,43,10.9,1.6
25/09/24,,,,,,,7,13,Ryvita Thins multi seed,125,435,64.3,10.6
,,,,,,,1,,Smoked salmon slices,100,202,1.5,0.5
,,,,,,,,2,philadelphia original,165,226,4.3,0.2
,,,,,,,,,"Tea, milk",15,37,5,0
,,,,,,,,,"Half sugar, teaspoon",4,400,98.9,0
,,,,,,,,,fast 800 chicken and lemon,100,360,0,0
,,,,,,,,2,"Onion, medium",110,34.8,7.8,1.5
,,,,,,,,2,Carrots,150,41,9.6,2.8
,,,,,,,,2,Pepper Orange,90,32,7.6,1.4
,,,,,,,3,2,"Olive oil, tsp",5,823,0,0
,,,,,,,,3,"Celery, stick",50,16,3,1.6
26/09/24,,,,,,,6,13,Ryvita Thins multi seed,125,435,64.3,10.6
,,,,,,,,2,philadelphia original,165,226,4.3,0.2
,,,,,,,,,Cucumber,105,15,3.6,0.5
,,,,,,,1,,Smoked salmon slices,100,202,1.5,0.5
,,,,,,,,,Beef steaks,150,192,0.2,0.2
,,,,,,,,,"Salad, mixed",300,14,1.3,1.4
27/09/24,,,,,,,2,,"Eggs, scrambled",50,143,0.4,0.4
,,,,,,,,2,sourdough bread,48,237,40.2,4.7
,,,,,,,1.4,,fast 800 one pot cassuolet,100,445,19,8
,,,,,,,1.5,,"Salad, mixed",100,14,1.3,1.4
,,,,,,,,,Green beans,60,32,3.1,3.4
,,,,,,,1,2,"Peas, frozen",100,85,10.8,5.6
28/09/24,,,,,,,15,,"Tea, milk",1,37,5,0
,,,,,,,1.5,,"Half sugar, teaspoon",2,400,98.9,0
,,,,,,,,,fast 800 one pot roast chicken,100,460,20,8.5
,,,,,,,,4,Leeks,120,27,2.8,5
,,,,,,,,,Courgette,75,17,3.1,1
,,,,,,,,8,"JS TTD sage, onion, lemon stuffing",110,168,33.3,5.5
,,,,,,,,,"Yorkshire pudding, small",18.3,248,41,2.8
29/09/24,,,,,,,,,dined out ... at least if not more,100,2500,250,0
30/09/24,,,,,,,,,fast 800 chicken pepper and chorizo bake,100,421,17,7
,,,,,,,,,Carrots,75,41,9.6,2.8
,,,,,,,,,Courgette,50,17,3.1,1
,,,,,,,,4,harricot beans,265,101,12.1,9.5
01/10/24,,,,,,,,,Strawberries,100,33,6.1,0
,,,,,,,,,Blueberries,100,43,8.7,3.5
,,,,,,,,,"Coffee, milk, sugar (2)",100,49,12,0
,,,,,,,,2,lamb skewer,100,234,0.6,0
,,,,,,,,2,chicken skewer,100,150,4,0
,,,,,,,,,"Rice, brown basmati micro",250,133,27.6,0.9
,,,,,,,,,"Salad, mixed",200,14,1.3,1.4
,,,,,,,15,,Mayonnaise,1,264,6,0
,,,,,,,1,,"Orange, with skin",120,47,12,2.4
02/10/24,,,,,,,,,fast 800 pork apple and leek,100,355,7,3.5
,,,,,,,,2,Broccoli,150,32,3.9,2.6
,,,,,,,,2,White cabbage,70,25,6,2.5
,,,,,,,,,Strawberries,100,33,6.1,0
,,,,,,,,,Blueberries,100,43,8.7,3.5
,,,,,,,1,,"Orange, with skin",120,47,12,2.4
04/10/24,,,,,,,1.5,,M&S part baked rolls,50,237,50,3.7
,,,,,,,2,3,M&S vegetable soup,400,33,5.8,1.1
,,,,,,,,,Fast 800 mediterranean fish bake,100,384,15,7
,,,,,,,,2,"butternut squash, frozen",120,37,7.4,1.4
,,,,,,,2,,"Coffee, milk, sugar (2)",100,49,12,0
05/10/24,,,,,,,3,,"Eggs, scrambled",50,143,0.4,0.4
,,,,,,,,,Smoked salmon slices,100,204,1.1,0
,,,,,,,,,Strawberries,100,33,6.1,0
,,,,,,,,,Blueberries,50,43,8.7,3.5
,,,,,,,,,"Milk, skimmed",300,37,5,0
,,,,,,,2,,Porridge,30,370,59,9
,,,,,,,,,"Pear, conference",90,43,10.9,1.6
06/10/24,,,,,,,3,,Eggs,50,155,1.1,0
,,,,,,,2,24,JS TTD smoked back bacon,240,255,0.5,1
,,,,,,,,,"mushrooms, chestnut",125,13,0.4,0.6
,,,,,,,,,Butter,10,516,0.4,0
,,,,,,,,,"Olive oil, tsp",5,823,0,0
,,,,,,,,,fast 800 chicken tagine,100,447,27,10
,,,,,,,,2,Dried apricots,50,181,36.5,3
,,,,,,,,2,Carrots,80,41,9.6,2.8
,,,,,,,,2,Olive oil,-15,823,0,0
07/10/24,,,,,,,,,Fast800 Chinese style drumsticks,100,238,3,0
,,,,,,,,2,"Onion, medium",110,34.8,7.8,1.5
,,,,,,,,,"Pepper, red",60,32,7.6,1.4
,,,,,,,,,Courgette,50,17,3.1,1
,,,,,,,15,,"Tea, milk",1,37,5,0
,,,,,,,1.5,,"Half sugar, teaspoon",2,400,98.9,0
,,,,,,,1,,"Orange, with skin",120,47,12,2.4
,,,,,,,,,Strawberries,75,33,6.1,0
,,,,,,,,,Blueberries,75,43,8.7,3.5
08/10/24,,,,,,,2,,fast 800 pulled pork,100,192,3,0.55
,,,,,,,,3,pomordorino tomatoes,250,25,3.4,1.2
,,,,,,,,3,"Honey, runny",15,329,81.5,0.2
,,,,,,,,3,balsamic vinegar,15,90,21.9,0.3
,,,,,,,,3,Olive oil,15,823,0,0
,,,,,,,,2,burrata,150,256,2,0
,,,,,,,,,"Half sugar, flat teaspoon",6,400,99.9,0
,,,,,,,,,advocado,70,197,1.9,3.4
,,,,,,,,,"Pear, conference",100,43,10.9,1.6
,,,,,,,,,"Apples, braeburn",100,57,11.6,0
09/10/24,,,,,,,,3,pomordorino tomatoes,250,25,3.4,1.2
,,,,,,,,3,Olive oil,15,823,0,0
,,,,,,,,3,"Honey, runny",15,329,81.5,0.2
,,,,,,,,3,balsamic vinegar,15,90,21.9,0.3
,,,,,,,15,,"Tea, milk",1,37,5,0
,,,,,,,,,"Half sugar, flat teaspoon",4,400,99.9,0
,,,,,,,,3,butternut squash,340,38,7.4,1.6
,,,,,,,1.3,,fast 800 burger & celariac chips,100,259,6,8
,,,,,,,,3,Beef mince,100,168,0.1,0
,,,,,,,,3,Pepper Orange,183,32,7.6,1.4
,,,,,,,,,Courgette,150,17,3.1,1
,,,,,,,,3,Olive oil,15,823,0,0
10/10/24,,,,,,,1.3,,Fast 800 Turkey fajitas,100,195,7.5,3
,,,,,,,,3,"Sweetcorn, tin",165,77,11.8,2.5
,,,,,,,,,"Tomato, small",70,20,3.1,1
,,,,,,,,3,Carrots,150,41,9.6,2.8
,,,,,,,,,"Olive oil, tsp",5,823,0,0
,,,,,,,1,3,Chicken breast,240,137,0.2,0
,,,,,,,,,Cucumber,30,15,3.6,0.5
,,,,,,,,,Lettuce iceberg,60,14,1.3,1.3
,,,,,,,,,Strawberries,75,33,6.1,0
,,,,,,,,,Blueberries,75,43,8.7,3.5
,,,,,,,1,,"Orange, with skin",180,47,12,2.4
,,,,,,,,,"Half sugar, flat teaspoon",6,400,99.9,0
,,,,,,,,,Coffee milk,60,37,5.2,0
11/10/24,,,,,,,1.3,,fast 800 one pot cassuolet,100,445,19,8
,,,,,,,,3,"Pepper, red",100,32,7.6,1.4
,,,,,,,,3,Carrots,112,41,9.6,2.8
,,,,,,,,3,JS TTD smoked back bacon,80,255,0.5,1
,,,,,,,1,,"Orange, with skin",180,47,12,2.4
,,,,,,,,,"Pear, conference",100,43,10.9,1.6
,,,,,,,,,peach,90,45,9,1.5
12/10/24,,,,,,,,,quiche and salad John Lewis,100,447,15,1.5
,,,,,,,1.33,,Fast 800 bean chilli,100,346,26,10
,,,,,,,,3,Pepper Orange,110,32,7.6,1.4
,,,,,,,,3,Carrots,80,41,9.6,2.8
13/10/24,,,,,,,7,13,Ryvita Thins multi seed,125,435,64.3,10.6
,,,,,,,,3,philadelphia original,165,226,4.3,0.2
,,,,,,,,,Smoked salmon slices,100,204,1.1,0
,,,,,,,4,3,fast 800 simple chicken casserole,100,303,9,44
,,,,,,,,3,butternut squash,170,38,7.4,1.6
,,,,,,,,3,Carrots,80,41,9.6,2.8
14/10/24,,,,,,,,,take away,100,1000,50,10
15/10/24,,,,,,,,,"Eggs, 3x medium egg omelette",100,155,1.1,0
,,,,,,,,,Chavroux goat's cheese,75,336,1,0
,,,,,,,,,"Tomato, small",65,20,3.1,1
,,,,,,,,,Fast 800 stir fry tuna with Hoisin,100,328,16.5,9
16/10/24,,,,,,,,,fast 800 simple steak and salad,100,346,5,3
,,,,,,,,,Strawberries,35,33,6.1,0
,,,,,,,,,"Apples, braeburn",100,57,11.6,0
,,,,,,,1,,"Orange, with skin",120,47,12,2.4
17/10/24,,,,,,,8,13,Ryvita Thins multi seed,125,435,64.3,10.6
,,,,,,,,,Smoked salmon slices,100,204,1.1,0
,,,,,,,,4,philadelphia original,165,226,4.3,0.2
,,,,,,,,,fast 800 swedish spicy carrot and cod,100,279,9,5
18/10/24,,,,,,,,,"Milk, skimmed",62,37,5,0
,,,,,,,,,"Half sugar, flat teaspoon",6,400,99.9,0
,,,,,,,5,13,Ryvita Thins multi seed,125,435,64.3,10.6
,,,,,,,,3,Pepper Orange,110,32,7.6,1.4
,,,,,,,1.3,,fast 800 mushroom biryani,100,322,24.5,7
,,,,,,,,3,Carrots,80,41,9.6,2.8
,,,,,,,,3,butternut squash,80,38,7.4,1.6
,,,,,,,,,peach,90,45,9,1.5
19/10/24,,,,,,,,,Ryvita Thins multi seed,125,435,64.3,10.6
,,,,,,,,4,philadelphia original,165,226,4.3,0.2
,,,,,,,,,Smoked salmon slices,100,204,1.1,0
,,,,,,,,,Cucumber,75,15,3.6,0.5
,,,,,,,1.33,,Fast 800 bean chilli,100,346,26,10
20/10/24,,,,,,,1.3,,fast 800 one pot roast chicken,100,460,20,8.5
,,,,,,,,3,Leeks,280,27,2.8,5
,,,,,,,,3,Courgette,134,17,3.1,1
,,,,,,,,3,Olive oil,15,823,0,0
,,,,,,,,3,JS TTD smoked back bacon,60,255,0.5,1
,,,,,,,,3,Parsnip,-30,72,11.4,4.5
,,,,,,,,10,"Stuffing, sage & onion",270,119,22.3,1.7
,,,,,,,,,Strawberries,50,33,6.1,0
,,,,,,,,,"Apples, braeburn",80,57,11.6,0
22/10/24,,,,,,,,2,"Spinach, fresh baby leaf",100,18,0.6,1.3
,,,,,,,,2,kale,100,39,1.3,3.1
,,,,,,,,2,Broccoli,150,32,3.9,2.6
,,,,,,,,,lardons,-30,309,1,0.6
,,,,,,,,6,haricot beans,235,101,13.3,6.4
,,,,,,,,3,Pepper Orange,90,32,7.6,1.4
,,,,,,,,3,Carrots,145,41,9.6,2.8
,,,,,,,1.3,,fast 800 one pot cassuolet,100,445,19,8
